Increment_ID,Team_Code,Team_Name,Discipline,Event,Athlete_Code,Coach_Code
1,CSPMC2-500M-ANG01,ANTONIO Manuel / SANDA Benilson,Canoe Sprint,Mens Canoe Double 500m,1896956,
2,CSPMC2-500M-ANG01,ANTONIO Manuel / SANDA Benilson,Canoe Sprint,Mens Canoe Double 500m,1896963,
3,ROWMSCULL2-LARG01,Argentina,Rowing,Lightweight Mens Double Sculls,1892874,
4,ROWMSCULL2-LARG01,Argentina,Rowing,Lightweight Mens Double Sculls,1892944,
5,ROWWSCULL2-LARG01,Argentina,Rowing,Lightweight Womens Double Sculls,1892797,
6,ROWWSCULL2-LARG01,Argentina,Rowing,Lightweight Womens Double Sculls,1893011,
7,CTRMMADISON-AUT01,Austria,Cycling Track,Mens Madison,1566120,
8,CTRMMADISON-AUT01,Austria,Cycling Track,Mens Madison,1566122,
9,EQUODRESTEAMAUT01,Austria,Equestrian,Dressage Team,1878961,
10,EQUODRESTEAMAUT01,Austria,Equestrian,Dressage Team,1878962,
11,EQUODRESTEAMAUT01,Austria,Equestrian,Dressage Team,1878963,
12,EQUODRESTEAMAUT01,Austria,Equestrian,Dressage Team,1878965,
13,HOCMTEAM11--BEL01,Belgium,Hockey,Men,1903237,1903896
14,HOCMTEAM11--BEL01,Belgium,Hockey,Men,1915389,1903899
15,HOCMTEAM11--BEL01,Belgium,Hockey,Men,1903240,1922671
16,HOCMTEAM11--BEL01,Belgium,Hockey,Men,1903209,1942806
17,HOCMTEAM11--BEL01,Belgium,Hockey,Men,1903206,1949449
18,HOCMTEAM11--BEL01,Belgium,Hockey,Men,1903212,1949459
19,HOCMTEAM11--BEL01,Belgium,Hockey,Men,1903222,
20,HOCMTEAM11--BEL01,Belgium,Hockey,Men,1903214,
21,HOCMTEAM11--BEL01,Belgium,Hockey,Men,1915391,
22,HOCMTEAM11--BEL01,Belgium,Hockey,Men,1903213,
23,HOCMTEAM11--BEL01,Belgium,Hockey,Men,1903224,
24,HOCMTEAM11--BEL01,Belgium,Hockey,Men,1903226,
25,HOCMTEAM11--BEL01,Belgium,Hockey,Men,1903242,
26,HOCMTEAM11--BEL01,Belgium,Hockey,Men,1915386,
27,HOCMTEAM11--BEL01,Belgium,Hockey,Men,1915390,
28,HOCMTEAM11--BEL01,Belgium,Hockey,Men,1903229,
29,HOCMTEAM11--BEL01,Belgium,Hockey,Men,1915388,
30,HOCWTEAM11--BEL01,Belgium,Hockey,Women,1903233,1903894
31,HOCWTEAM11--BEL01,Belgium,Hockey,Women,1903227,1903897
32,HOCWTEAM11--BEL01,Belgium,Hockey,Women,1903234,1903898
33,HOCWTEAM11--BEL01,Belgium,Hockey,Women,1915387,1922670
34,HOCWTEAM11--BEL01,Belgium,Hockey,Women,1915394,1922672
35,HOCWTEAM11--BEL01,Belgium,Hockey,Women,1903232,1922673
36,HOCWTEAM11--BEL01,Belgium,Hockey,Women,1903243,1942804
37,HOCWTEAM11--BEL01,Belgium,Hockey,Women,1903219,1942833
38,HOCWTEAM11--BEL01,Belgium,Hockey,Women,1903205,1942834
39,HOCWTEAM11--BEL01,Belgium,Hockey,Women,1903238,1949449
40,HOCWTEAM11--BEL01,Belgium,Hockey,Women,1903228,1963552
41,HOCWTEAM11--BEL01,Belgium,Hockey,Women,1915392,
42,HOCWTEAM11--BEL01,Belgium,Hockey,Women,1903223,
43,HOCWTEAM11--BEL01,Belgium,Hockey,Women,1903230,
44,HOCWTEAM11--BEL01,Belgium,Hockey,Women,1903202,
45,HOCWTEAM11--BEL01,Belgium,Hockey,Women,1903208,
46,HOCWTEAM11--BEL01,Belgium,Hockey,Women,1903207,
47,HOCWTEAM11--BEL01,Belgium,Hockey,Women,1903203,
48,ARCXTEAM2---BRA01,Brazil,Archery,Mixed Team,1958706,
49,ARCXTEAM2---BRA01,Brazil,Archery,Mixed Team,1958717,
50,SALM49ER----BRA01,SOFFIATTI GRAEL Marco / SIMOES Gabriel,Sailing,Mens Skiff,1961066,
51,SALM49ER----BRA01,SOFFIATTI GRAEL Marco / SIMOES Gabriel,Sailing,Mens Skiff,1961057,
52,SALW49ERFX--BRA01,SOFFIATTI GRAEL Martine / KUNZE Kahena,Sailing,Womens Skiff,1961065,
53,SALW49ERFX--BRA01,SOFFIATTI GRAEL Martine / KUNZE Kahena,Sailing,Womens Skiff,1961062,
54,SALX470-----BRA01,DUARTE HADDAD Henrique / SWAN Isabel,Sailing,Mixed Dinghy,1961058,
55,SALX470-----BRA01,DUARTE HADDAD Henrique / SWAN Isabel,Sailing,Mixed Dinghy,1961059,
56,SALXNACRA17-BRA01,SIEMSEN Joao / ARNDT Marina,Sailing,Mixed Multihull,1961061,
57,SALXNACRA17-BRA01,SIEMSEN Joao / ARNDT Marina,Sailing,Mixed Multihull,1961064,
58,TENMDOUBLES-BRA01,Monteiro / Seyboth Wild,Tennis,Mens Doubles,1955869,
59,TENMDOUBLES-BRA01,Monteiro / Seyboth Wild,Tennis,Mens Doubles,1955871,
60,TENWDOUBLES-BRA01,Haddad Maia / Stefani,Tennis,Womens Doubles,1955853,
61,TENWDOUBLES-BRA01,Haddad Maia / Stefani,Tennis,Womens Doubles,1955862,
62,TENXDOUBLES-BRA01,Stefani / Seyboth Wild,Tennis,Mixed Doubles,1955862,
63,TENXDOUBLES-BRA01,Stefani / Seyboth Wild,Tennis,Mixed Doubles,1955871,
64,CSPWC2-500M-CAN01,MACKENZIE Sloan / VINCENT Katie,Canoe Sprint,Womens Canoe Double 500m,1964583,
65,CSPWC2-500M-CAN01,MACKENZIE Sloan / VINCENT Katie,Canoe Sprint,Womens Canoe Double 500m,1964547,
66,CSPWK2-500M-CAN01,STOTT Courtney / DAVISON Natalie,Canoe Sprint,Womens Kayak Double 500m,1964567,
67,CSPWK2-500M-CAN01,STOTT Courtney / DAVISON Natalie,Canoe Sprint,Womens Kayak Double 500m,1964579,
68,CTRMMADISON-CAN01,Canada,Cycling Track,Mens Madison,1966690,
69,CTRMMADISON-CAN01,Canada,Cycling Track,Mens Madison,1966691,
70,CTRWMADISON-CAN01,Canada,Cycling Track,Womens Madison,1966652,
71,CTRWMADISON-CAN01,Canada,Cycling Track,Womens Madison,1966688,
72,ATHX42KWALKTCHN01,ZHANG Jun / YANG Jiayu,Athletics,Marathon Race Walk Relay Mixed,1918996,
73,ATHX42KWALKTCHN01,ZHANG Jun / YANG Jiayu,Athletics,Marathon Race Walk Relay Mixed,1919002,
74,ATHX42KWALKTCHN02,HE X / QIEYANG S,Athletics,Marathon Race Walk Relay Mixed,1918995,
75,ATHX42KWALKTCHN02,HE X / QIEYANG S,Athletics,Marathon Race Walk Relay Mixed,1919008,
76,BDMMDOUBLES-CHN01,LIU Yu Chen / OU Xuan Yi,Badminton,Mens Doubles,1913425,
77,BDMMDOUBLES-CHN01,LIU Yu Chen / OU Xuan Yi,Badminton,Mens Doubles,1913426,
78,BDMMDOUBLES-CHN02,LIANG Wei Keng / WANG Chang,Badminton,Mens Doubles,1913424,
79,BDMMDOUBLES-CHN02,LIANG Wei Keng / WANG Chang,Badminton,Mens Doubles,1913429,
80,BDMWDOUBLES-CHN01,LIU Sheng Shu / TAN Ning,Badminton,Womens Doubles,1913441,
81,BDMWDOUBLES-CHN01,LIU Sheng Shu / TAN Ning,Badminton,Womens Doubles,1913442,
82,BDMWDOUBLES-CHN02,CHEN Qing Chen / JIA Yi Fan,Badminton,Womens Doubles,1913438,
83,BDMWDOUBLES-CHN02,CHEN Qing Chen / JIA Yi Fan,Badminton,Womens Doubles,1913439,
84,ATHX42KWALKTCOL01,ROMERO M / ARENAS L,Athletics,Marathon Race Walk Relay Mixed,1965718,
85,ATHX42KWALKTCOL01,ROMERO M / ARENAS L,Athletics,Marathon Race Walk Relay Mixed,1532951,
86,ATHX42KWALKTCOL02,HERRERA/MOJICA CHALARCA,Athletics,Marathon Race Walk Relay Mixed,1543481,
87,ATHX42KWALKTCOL02,HERRERA/MOJICA CHALARCA,Athletics,Marathon Race Walk Relay Mixed,1917388,
88,ROWMNOCOX2--CRO01,Croatia,Rowing,Mens Pair,1916685,
89,ROWMNOCOX2--CRO01,Croatia,Rowing,Mens Pair,1921490,
90,CSPWC2-500M-CUB01,CIRILO DUBOYS Yarisleidis / LOPEZ LAMADRID Yinnoly Francheska,Canoe Sprint,Womens Canoe Double 500m,1564506,
91,CSPWC2-500M-CUB01,CIRILO DUBOYS Yarisleidis / LOPEZ LAMADRID Yinnoly Francheska,Canoe Sprint,Womens Canoe Double 500m,1564508,
92,ARCXTEAM2---CZE01,Czechia,Archery,Mixed Team,1894503,
93,ARCXTEAM2---CZE01,Czechia,Archery,Mixed Team,1894507,
94,ATHX42KWALKTCZE01,HLAVAC V / MARTINKOVA E,Athletics,Marathon Race Walk Relay Mixed,1892108,
95,ATHX42KWALKTCZE01,HLAVAC V / MARTINKOVA E,Athletics,Marathon Race Walk Relay Mixed,1892131,
96,BDMMDOUBLES-DEN01,ASTRUP Kim / RASMUSSEN Anders Skaarup,Badminton,Mens Doubles,1888998,
97,BDMMDOUBLES-DEN01,ASTRUP Kim / RASMUSSEN Anders Skaarup,Badminton,Mens Doubles,1888999,
98,GRYW5AA-----EGY01,Egypt,Rhythmic Gymnastics,Group All-Around,1562782,
99,GRYW5AA-----EGY01,Egypt,Rhythmic Gymnastics,Group All-Around,1562596,
100,GRYW5AA-----EGY01,Egypt,Rhythmic Gymnastics,Group All-Around,1562222,
101,GRYW5AA-----EGY01,Egypt,Rhythmic Gymnastics,Group All-Around,1978541,
102,GRYW5AA-----EGY01,Egypt,Rhythmic Gymnastics,Group All-Around,1978514,
103,SWAWTEAM2---EGY01,Egypt,Artistic Swimming,Duet,1888980,1903722
104,SWAWTEAM2---EGY01,Egypt,Artistic Swimming,Duet,1888861,1903754
105,ARCXTEAM2---FRA01,France,Archery,Mixed Team,1541265,
106,ARCXTEAM2---FRA01,France,Archery,Mixed Team,1541270,
107,ATHM4X100M--FRA01,France,Athletics,Mens 4 x 100m Relay,1910609,
108,ATHM4X100M--FRA01,France,Athletics,Mens 4 x 100m Relay,1910733,
109,ATHM4X100M--FRA01,France,Athletics,Mens 4 x 100m Relay,1911843,
110,ATHM4X100M--FRA01,France,Athletics,Mens 4 x 100m Relay,1911898,
111,ATHM4X100M--FRA01,France,Athletics,Mens 4 x 100m Relay,1911975,
112,ATHM4X100M--FRA01,France,Athletics,Mens 4 x 100m Relay,1911988,
113,ATHM4X100M--FRA01,France,Athletics,Mens 4 x 100m Relay,1911990,
114,FENMTEAMFOILFRA01,France,Fencing,Mens Foil Team,1916213,1916244
115,FENMTEAMFOILFRA01,France,Fencing,Mens Foil Team,1916215,1916263
116,FENMTEAMFOILFRA01,France,Fencing,Mens Foil Team,1916216,1916264
117,FENMTEAMFOILFRA01,France,Fencing,Mens Foil Team,1916217,
118,FENMTEAMSABRFRA01,France,Fencing,Mens Sabre Team,1916230,1916242
119,FENMTEAMSABRFRA01,France,Fencing,Mens Sabre Team,1916231,1916244
120,FENMTEAMSABRFRA01,France,Fencing,Mens Sabre Team,1916232,1916268
121,FENMTEAMSABRFRA01,France,Fencing,Mens Sabre Team,1916234,
122,DIVM10MTEAM2GER01,Germany,Diving,Mens Synchronised 10m Platform,1907200,
123,DIVM10MTEAM2GER01,Germany,Diving,Mens Synchronised 10m Platform,1907214,
124,DIVW3MTEAM2-GER01,Germany,Diving,Womens Synchronised 3m Springboard,1907201,
125,DIVW3MTEAM2-GER01,Germany,Diving,Womens Synchronised 3m Springboard,1907203,
126,ROWMSCULL4--GER01,Germany,Rowing,Mens Quadruple Sculls,1906480,
127,ROWMSCULL4--GER01,Germany,Rowing,Mens Quadruple Sculls,1906477,
128,ROWMSCULL4--GER01,Germany,Rowing,Mens Quadruple Sculls,1906496,
129,ROWMSCULL4--GER01,Germany,Rowing,Mens Quadruple Sculls,1906514,
130,SALM49ER----GER01,MEGGENDORFER Jakob / SPRANGER Andreas,Sailing,Mens Skiff,1891964,
131,SALM49ER----GER01,MEGGENDORFER Jakob / SPRANGER Andreas,Sailing,Mens Skiff,1891965,
132,SALW49ERFX--GER01,BERGMANN Marla / WILLE Hanna,Sailing,Womens Skiff,1891987,
133,SALW49ERFX--GER01,BERGMANN Marla / WILLE Hanna,Sailing,Womens Skiff,1891988,
134,SALX470-----GER01,DIESCH Simon / MARKFORT Anna,Sailing,Mixed Dinghy,1891960,
135,SALX470-----GER01,DIESCH Simon / MARKFORT Anna,Sailing,Mixed Dinghy,1891963,
136,SALXNACRA17-GER01,KOHLHOFF Paul / STUHLEMMER Alica,Sailing,Mixed Multihull,1891956,
137,SALXNACRA17-GER01,KOHLHOFF Paul / STUHLEMMER Alica,Sailing,Mixed Multihull,1891970,
138,ARCMTEAM3---GBR01,Great Britain,Archery,Mens Team,1560988,
139,ARCMTEAM3---GBR01,Great Britain,Archery,Mens Team,1560989,
140,ARCMTEAM3---GBR01,Great Britain,Archery,Mens Team,1561003,
141,ARCWTEAM3---GBR01,Great Britain,Archery,Womens Team,1560991,
142,ARCWTEAM3---GBR01,Great Britain,Archery,Womens Team,1560990,
143,ARCWTEAM3---GBR01,Great Britain,Archery,Womens Team,1561000,
144,TENWDOUBLES-GRE01,Papamichail / Sakkari,Tennis,Womens Doubles,4979624,
145,TENWDOUBLES-GRE01,Papamichail / Sakkari,Tennis,Womens Doubles,1961362,
146,TENXDOUBLES-GRE01,Sakkari / Tsitsipas,Tennis,Mixed Doubles,1961362,
147,TENXDOUBLES-GRE01,Sakkari / Tsitsipas,Tennis,Mixed Doubles,1961363,
148,ATHX42KWALKTHUN01,VENYERCSAN B / RECSEI R,Athletics,Marathon Race Walk Relay Mixed,1928799,
149,ATHX42KWALKTHUN01,VENYERCSAN B / RECSEI R,Athletics,Marathon Race Walk Relay Mixed,1927675,
150,ARCXTEAM2---IND01,India,Archery,Mixed Team,1546200,
151,ARCXTEAM2---IND01,India,Archery,Mixed Team,1546108,
152,SHOXAPMT----IND01,India 1,Shooting,10m Air Pistol Mixed Team,1538159,
153,SHOXAPMT----IND01,India 1,Shooting,10m Air Pistol Mixed Team,1545464,
154,BDMMDOUBLES-INA01,ALFIAN Fajar / ARDIANTO Muhammad Rian,Badminton,Mens Doubles,1926309,
155,BDMMDOUBLES-INA01,ALFIAN Fajar / ARDIANTO Muhammad Rian,Badminton,Mens Doubles,1926326,
156,JUDXTEAM6---ISR01,Israel,Judo,Mixed Team,1892778,
157,JUDXTEAM6---ISR01,Israel,Judo,Mixed Team,1892775,
158,JUDXTEAM6---ISR01,Israel,Judo,Mixed Team,1892698,
159,JUDXTEAM6---ISR01,Israel,Judo,Mixed Team,1892792,
160,JUDXTEAM6---ISR01,Israel,Judo,Mixed Team,1892780,
161,JUDXTEAM6---ISR01,Israel,Judo,Mixed Team,1892796,
162,JUDXTEAM6---ISR01,Israel,Judo,Mixed Team,1892794,
163,JUDXTEAM6---ISR01,Israel,Judo,Mixed Team,1892943,
164,JUDXTEAM6---ISR01,Israel,Judo,Mixed Team,1892939,
165,JUDXTEAM6---ISR01,Israel,Judo,Mixed Team,1892798,
166,JUDXTEAM6---ISR01,Israel,Judo,Mixed Team,1892945,
167,JUDXTEAM6---ISR01,Israel,Judo,Mixed Team,1892957,
168,VBVMTEAM2---ITA01,Cottafava/Nicolai,Beach Volleyball,Men,1921949,
169,VBVMTEAM2---ITA01,Cottafava/Nicolai,Beach Volleyball,Men,1921948,
170,BDMMDOUBLES-JPN01,HOKI Takuro / KOBAYASHI Yugo,Badminton,Mens Doubles,1541623,
171,BDMMDOUBLES-JPN01,HOKI Takuro / KOBAYASHI Yugo,Badminton,Mens Doubles,1541624,
172,ARCXTEAM2---KOR01,Republic of Korea,Archery,Mixed Team,1902147,
173,ARCXTEAM2---KOR01,Republic of Korea,Archery,Mixed Team,1902135,
174,BDMMDOUBLES-KOR01,KANG Min Hyuk / SEO Seung Jae,Badminton,Mens Doubles,1891503,
175,BDMMDOUBLES-KOR01,KANG Min Hyuk / SEO Seung Jae,Badminton,Mens Doubles,1891511,
176,BDMWDOUBLES-KOR01,BAEK Ha Na / LEE So Hee,Badminton,Womens Doubles,1891499,
177,BDMWDOUBLES-KOR01,BAEK Ha Na / LEE So Hee,Badminton,Womens Doubles,1891510,
178,SHOXAPMT----KOR02,Republic of Korea 2,Shooting,10m Air Pistol Mixed Team,1893930,
179,SHOXAPMT----KOR02,Republic of Korea 2,Shooting,10m Air Pistol Mixed Team,1893852,
180,CSPMK2-500M-LTU01,MALDONIS Mindaugas / OLIJNIK Andrej,Canoe Sprint,Mens Kayak Double 500m,1888808,
181,CSPMK2-500M-LTU01,MALDONIS Mindaugas / OLIJNIK Andrej,Canoe Sprint,Mens Kayak Double 500m,1888820,
182,TRIXTEAM4---MEX01,Mexico,Triathlon,Mixed Relay,1535442,
183,TRIXTEAM4---MEX01,Mexico,Triathlon,Mixed Relay,1533189,
184,TRIXTEAM4---MEX01,Mexico,Triathlon,Mixed Relay,1533190,
185,TRIXTEAM4---MEX01,Mexico,Triathlon,Mixed Relay,1533188,
186,BK3MTEAM3---NED01,Netherlands,3x3 Basketball,Men,1970800,
187,BK3MTEAM3---NED01,Netherlands,3x3 Basketball,Men,1970792,
188,BK3MTEAM3---NED01,Netherlands,3x3 Basketball,Men,1970796,
189,BK3MTEAM3---NED01,Netherlands,3x3 Basketball,Men,1970797,
190,HOCMTEAM11--NED01,Netherlands,Hockey,Men,1971941,1972025
191,HOCMTEAM11--NED01,Netherlands,Hockey,Men,1971905,1972034
192,HOCMTEAM11--NED01,Netherlands,Hockey,Men,1971929,1972035
193,HOCMTEAM11--NED01,Netherlands,Hockey,Men,1971922,1972045
194,HOCMTEAM11--NED01,Netherlands,Hockey,Men,1971917,1972053
195,HOCMTEAM11--NED01,Netherlands,Hockey,Men,1971904,1972055
196,HOCMTEAM11--NED01,Netherlands,Hockey,Men,1971921,1972056
197,HOCMTEAM11--NED01,Netherlands,Hockey,Men,1971911,1972126
198,HOCMTEAM11--NED01,Netherlands,Hockey,Men,1971976,
199,HOCMTEAM11--NED01,Netherlands,Hockey,Men,1971980,
200,HOCMTEAM11--NED01,Netherlands,Hockey,Men,1971934,
201,HOCMTEAM11--NED01,Netherlands,Hockey,Men,1971909,
202,HOCMTEAM11--NED01,Netherlands,Hockey,Men,1971956,
203,HOCMTEAM11--NED01,Netherlands,Hockey,Men,1971932,
204,HOCMTEAM11--NED01,Netherlands,Hockey,Men,1971910,
205,HOCMTEAM11--NED01,Netherlands,Hockey,Men,1971963,
206,HOCMTEAM11--NED01,Netherlands,Hockey,Men,1971968,
207,HOCMTEAM11--NED01,Netherlands,Hockey,Men,1971952,
208,SALM49ER----NZL01,McHARDIE Isaac / McKENZIE William,Sailing,Mens Skiff,1918833,
209,SALM49ER----NZL01,McHARDIE Isaac / McKENZIE William,Sailing,Mens Skiff,1918834,
210,EQUOJUMPTEAMKSA01,Saudi Arabia,Equestrian,Jumping Team,1898161,
211,EQUOJUMPTEAMKSA01,Saudi Arabia,Equestrian,Jumping Team,1898209,
212,EQUOJUMPTEAMKSA01,Saudi Arabia,Equestrian,Jumping Team,1898219,
213,ATHX42KWALKTESP02,MARTIN A / PEREZ M,Athletics,Marathon Race Walk Relay Mixed,1904165,
214,ATHX42KWALKTESP02,MARTIN A / PEREZ M,Athletics,Marathon Race Walk Relay Mixed,1905369,
215,CSPMC2-500M-ESP01,MORENO Joan Antoni / DOMINGUEZ Diego,Canoe Sprint,Mens Canoe Double 500m,1954023,
216,CSPMC2-500M-ESP01,MORENO Joan Antoni / DOMINGUEZ Diego,Canoe Sprint,Mens Canoe Double 500m,1953996,
217,EQUODRESTEAMESP01,Spain,Equestrian,Dressage Team,1965390,
218,EQUODRESTEAMESP01,Spain,Equestrian,Dressage Team,1965411,
219,EQUODRESTEAMESP01,Spain,Equestrian,Dressage Team,1965391,
220,SALX470-----SWE01,DAHLBERG Anton / KARLSSON Lovisa,Sailing,Mixed Dinghy,1564652,
221,SALX470-----SWE01,DAHLBERG Anton / KARLSSON Lovisa,Sailing,Mixed Dinghy,1564651,
222,BDMMDOUBLES-THA01,JOMKOH Supak / KEDREN Kittinupong,Badminton,Mens Doubles,1926300,
223,BDMMDOUBLES-THA01,JOMKOH Supak / KEDREN Kittinupong,Badminton,Mens Doubles,1926303,
224,TENMDOUBLES-USA01,Fritz / Paul,Tennis,Mens Doubles,1930782,
225,TENMDOUBLES-USA01,Fritz / Paul,Tennis,Mens Doubles,1930801,
226,TENMDOUBLES-USA02,Krajicek / Ram,Tennis,Mens Doubles,1930790,
227,TENMDOUBLES-USA02,Krajicek / Ram,Tennis,Mens Doubles,1930804,
228,TENWDOUBLES-USA01,Gauff / Pegula,Tennis,Womens Doubles,1930784,
229,TENWDOUBLES-USA01,Gauff / Pegula,Tennis,Womens Doubles,1930802,
230,TENWDOUBLES-USA02,Collins / Krawczyk,Tennis,Womens Doubles,1930776,
231,TENWDOUBLES-USA03,Collins / Krawczyk,Tennis,Womens Doubles,1930791,
232,TENXDOUBLES-USA01,Gauff / Fritz,Tennis,Mixed Doubles,1930784,
233,TENXDOUBLES-USA01,Gauff / Fritz,Tennis,Mixed Doubles,1930782,
234,TRIXTEAM4---USA01,United States of America,Triathlon,Mixed Relay,1930750,
235,TRIXTEAM4---USA01,United States of America,Triathlon,Mixed Relay,1930752,
236,TRIXTEAM4---USA01,United States of America,Triathlon,Mixed Relay,1930747,
237,SALM49ER----URU01,UMPIERRE Hernan / DIZ Fernando,Sailing,Mens Skiff,1922425,
238,SALM49ER----URU01,UMPIERRE Hernan / DIZ Fernando,Sailing,Mens Skiff,1922387,
