Code,Disciplines,Function,Organinization_Country,Name,Gender
1536406,Judo,Referee,Italy,FRATINI Elisabetta,F
1550583,Judo,Referee,Croatia,ILIC Corina,F
1550593,Judo,Referee,Algeria,MAAFI Ziad,M
1550642,Artistic Gymnastics,Judge,FIG,FUMEA Maria,F
1550643,Artistic Gymnastics,Judge,FIG,LEUNG Li Li,F
1550645,Artistic Gymnastics,Judge,FIG,MIAO Zhongyi,M
1550646,Artistic Gymnastics,Judge,FIG,VALENZO AOKI Naomi Chieko,F
1550647,Artistic Gymnastics,Judge,FIG,AL HITMI Ali,M
1550648,Artistic Gymnastics,Judge,FIG,AL TABBAA Mouhammed Youssef,M
1550649,Artistic Gymnastics,Judge,FIG,CELEN Suat,M
1550650,Artistic Gymnastics,Judge,FIG,ESAWY Ehab,M
1550651,Artistic Gymnastics,Judge,FIG,YAGI KITAGAWA Tammy,F
1550652,Artistic Gymnastics,Judge,FIG,VALERIO Rogerio,M
1550653,Artistic Gymnastics,Judge,FIG,MOWBRAY Denis,M
1550654,Artistic Gymnastics,Judge,FIG,PEGAN Aljaz,M
1550655,Artistic Gymnastics,Judge,FIG,PENICHE FRANCO Alejandro,M
1550656,Artistic Gymnastics,Judge,FIG,PERRIERE Charles,M
1550657,Artistic Gymnastics,Judge,FIG,TAEYMANS Rosy,F
1550662,Rhythmic Gymnastics,Judge,FIG,ACOSTA RODRIGUEZ Laura Patricia,F
1550672,Rhythmic Gymnastics,Judge,Georgia,BEDOSHVILI Eliso,F
1550674,Trampoline Gymnastics,Judge,Poland,BOJAKOWSKI Konrad,M
1550675,Rhythmic Gymnastics,Judge,Belgium,BOUROVA Roumiana,F
1550689,Rhythmic Gymnastics,Judge,Hungary,DEUTSCH LAZSANYI Erika,F
1550693,Trampoline Gymnastics,Judge,Austria,FILIPSKY Rebecca,F
1550694,Trampoline Gymnastics,Judge,Germany,GAIDA Viola,F
1550695,Trampoline Gymnastics,Judge,Portugal,OLIVEIRA Joao,M
1550700,Rhythmic Gymnastics,Judge,Australia,HALMU Delia,F
1550707,Trampoline Gymnastics,Judge,Great Britain,JONES Andrew,M
1550709,Trampoline Gymnastics,Judge,Georgia,KHOPERIA Rusudan,F
1550715,Rhythmic Gymnastics,Judge,France,LHER Catherine Marie Andree,F
1550723,Rhythmic Gymnastics,Judge,Czechia,MLEJNKOVA Blanka,F
1550724,Rhythmic Gymnastics,Judge,Poland,MROZINSKA Anna,F
1550725,Trampoline Gymnastics,Judge,Mexico,NAVA ACEVES Paulina,F
1550729,Trampoline Gymnastics,Judge,Spain,PAZOS SANCHEZ RUBIO Maria Inmacula.,F
1550730,Rhythmic Gymnastics,Judge,Finland,PITKANEN Saila,F
1550736,Trampoline Gymnastics,Judge,Czechia,REHOROVA Martina,F
1550753,Rhythmic Gymnastics,Judge,Japan,SUZUKI Aoi,F
1550762,Trampoline Gymnastics,Judge,Netherlands,van WETERING Babette,F
1550763,Trampoline Gymnastics,Judge,Bulgaria,VANGELOVA Mariya,F
1550776,Rhythmic Gymnastics,Judge,Kazakhstan,BEKTUROVA Alua,F
1557225,Judo,Referee,Belgium,STROOBANTS Marine,F
1560199,Judo,Referee,Germany,FISCHER Matthias,M
1560200,Judo,Referee,Slovenia,LAMPE Nusa,F
1560201,Judo,Referee,Italy,CHYURLIA Pasquale,M
1560211,Judo,Referee,Portugal,FREITAS Leandra,F
1562036,Judo,Referee,Uzbekistan,SHMAKOV Vladimir,M
1562711,Triathlon,Medical Delegate,Italy,MIGLIORINI Sergio,M
1563015,Judo,Referee,France,BOUHEDDOU Mohamed,M
1563830,Judo,Referee,Hungary,SZOKE Andor,M
1563872,Judo,Referee,Malta,GALEA Louisa,F
1563891,Judo,Referee,Slovenia,BILIC Miroslav,M
1563909,Judo,Referee,Romania,DELIU Denisa,F
1563980,Judo,Referee,Hungary,BEREGSZASZI Zita,F
1564197,Sailing,Jury Chair,World Sailing,SANCHEZ del CAMPO Ana,F
1564543,Taekwondo,Referee,World Taekwondo,WU Jingyu,F
1564544,Taekwondo,Referee,World Taekwondo,MAGABLEH Maher,M
1564548,Taekwondo,Referee,World Taekwondo,KIM Song Chul,M
1566303,Sailing,Jury Member,Denmark,ANDERSEN Jacob,M
1566308,Sailing,Jury Member,Spain,FERRANDIZ RUIZ Luis,M
1566313,Sailing,Jury Member,Great Britain,NAPIER Jon,M
1566318,Sailing,Jury Member,Argentina,HEREDIA Gonzalo,M
1566319,Sailing,Jury Member,Bulgaria,YOVKOVA Iskra,F
1566455,Sailing,Jury Member,Hungary,BOROCZ Bence,M
1566468,Sailing,Jury Member,Korea,JEONG Sungchul,M
1566473,Sailing,Jury Member,United States,GROSVENOR Sandy,F
1566474,Sailing,Jury Member,Uruguay,GUERRA Rodrigo,M
1566475,Sailing,Jury Member,Poland,LEWANDOWSKA Anastazja,F
1566476,Sailing,Jury Member,Ireland,LINDSAY Chris,M
1566480,Sailing,Jury Member,Singapore,MOOKKEN Selvam,M
1566482,Sailing,Jury Member,Sweden,ORTENDAHL Christina,F
1566488,Sailing,Jury Member,South Africa,SCOTT Luke,M
1566489,Sailing,Jury Member,Serbia,STANIKIC Mina,F
1570413,Skateboarding,Judge,World Skate,DURBANO Francesco Jacopo,M
1571122,Artistic Gymnastics,Judge,FIG,ALSHATHRI A Rahman,M
1571123,Artistic Gymnastics,Judge,FIG,KIM Nellia,F
1571124,Artistic Gymnastics,Judge,FIG,TITOV Vasilii,M
1571143,Rhythmic Gymnastics,Judge,FIG,ALIPRANDI Elena,F
1571146,Rhythmic Gymnastics,Judge,Slovenia,DRAGAS Spela,F
1571149,Rhythmic Gymnastics,Judge,Ukraine,IEROMINA Nataliia,F
1893012,Basketball,Referee,FIBA,CHIARI Roberto,M
1893016,Basketball,Referee,FIBA,THOMSON Mike,M
1893040,Basketball,Referee,FIBA,DUPUCHE Crystal,F
1893057,Basketball,Referee,FIBA,VAQUERA Alejandro,M
1893105,Basketball,Referee,FIBA,SHAFAGHI Shahrad,M
1893111,Basketball,Referee,FIBA,KAUPPINEN Hannu,M
1893239,Judo,Referee,Cuba,CASTRO Antonio,M
1893241,Judo,Referee,Uzbekistan,MURADOV Abdullo,M
1894925,Beach Volleyball,Referee,Brazil,AMANTINO Giseli,F
1894929,Volleyball,Referee,FIVB,BOCK Stephen,M
1894942,Beach Volleyball,Referee,Portugal,CARVALHO Rui Jorge,M
1894943,Beach Volleyball,Referee,Canada,HIEBERT Brian,M
1894944,Volleyball,Referee,Argentina,RENE Karina,F
1894975,Beach Volleyball,Referee,Italy,CRESCENTINI Davide,M
1894976,Volleyball,Referee,Switzerland,SIMONOVIC Vladimir,M
1894978,Beach Volleyball,Referee,China,WANG Lijun,F
1894979,Beach Volleyball,Referee,United States,BEATIE Brigham,M
1895002,Beach Volleyball,Referee,Japan,SATOMI Mariko,F
1895006,Beach Volleyball,Referee,Colombia,SAAVEDRA CACERES Juan Carlos,M
1895007,Volleyball,Referee,TÃ¼rkiye,OZBAR Nurper,F
1895009,Volleyball,Referee,Bulgaria,IVANOV Ivaylo,M
1895011,Beach Volleyball,Referee,France,DRUART Sylvain,M
1895012,Beach Volleyball,Referee,Poland,MYSZKOWSKA Agnieszka,F
1895013,Beach Volleyball,Referee,Greece,PAPADOGOULAS Charalampos,M
1895017,Volleyball,Referee,Italy,CESARE Stefano,M
1895018,Beach Volleyball,Referee,Serbia,LEKO Robert,M
1895019,Beach Volleyball,Challenge Referee,Canada,GUILLEMETTE Lucie,F
1895020,Volleyball,Referee,Brazil,GRASS Angela,F
1895021,Volleyball,Referee,Egypt,KANDIL Wael,M
1895022,Beach Volleyball,Challenge Referee,Australia,BENNETT John,M
1895023,Volleyball,Referee,Slovakia,MOKRY Juraj,M
1895025,Volleyball,Referee,France,COLLADOS Fabrice,M
1895026,Volleyball,Challenge Referee,Italy,RAPISARDA Daniele,M
1895027,Volleyball,Challenge Referee,Tunisia,BOUDAYA Taoufik,M
1895028,Volleyball,Referee,UA Emirates,ALROUSI ALHAMMADI Hamid Mohamed Ah.,M
1895031,Volleyball,Referee,Greece,GEROTHODOROS Epaminondas,M
1895034,Beach Volleyball,Referee,Argentina,SUMAVIL Osvaldo,M
1895035,Beach Volleyball,Challenge Referee,Poland,BRONISZ Robert,M
1895037,Volleyball,Referee,Dominican Republic,CESPEDES Denny,M
1895038,Volleyball,Referee,Canada,DZIEWIRZ Scott,M
1895040,Beach Volleyball,Referee,Spain,PADRON Jose Maria,M
1895042,Volleyball,Referee,Poland,MAROSZEK Wojciech,M
1895047,Volleyball,Referee,Japan,MYOI Sumie,F
1895048,Beach Volleyball,Referee,Rwanda,MUKUNDIYUKURI Jean de Dieu,M
1897318,Judo,Referee,Hungary,CSOSZ Imre,M
1898273,Basketball,Jury Member,FIBA,HUNT Patrick,M
1898633,Basketball,Referee,FIBA,AL SHUWAILI Ahmed,M
1898640,Basketball,Referee,FIBA,ANAYA Julio,M
1898648,Basketball,Referee,FIBA,BAKI Kerem,M
1898669,Basketball,Referee,FIBA,BARTEL Andres,M
1898675,Basketball,Referee,FIBA,BATISTA Johnny,M
1898693,Basketball,Referee,FIBA,BEKER Scott,M
1898701,Basketball,Referee,FIBA,BERMUDEZ Omar,M
1898712,Basketball,Referee,FIBA,BONNER Amy,F
1898728,Basketball,Referee,FIBA,BURNS Blanca,F
1898782,Basketball,Referee,FIBA,CASTILLO Luis,M
1898799,Basketball,Referee,FIBA,CHUECA Ariadna,F
1898911,Basketball,Referee,FIBA,CONDE Antonio,M
1899120,Sailing,Jury Member,New Zealand,SUTHERLAND Jamie,M
1899125,Sailing,Jury Member,Japan,TANAKA Masaaki,M
1899135,Sailing,Jury Member,Netherlands,WILMINK E V den BURGER Pauline,F
1906878,Cycling BMX Freestyle,Judge,UCI,SMAK Wouter,M
1916068,Wrestling,Referee,Switzerland,MORARD Tristan,M
1916391,Wrestling,Referee,South Africa,VILLET Charles,M
1916453,Wrestling,Referee,Lithuania,BARGAILA Deividas,M
1916503,Wrestling,Referee,France,VEYRAT Emmanuel,M
1916629,Wrestling,Referee,Tunisia,BOUAZIZ Youssef,M
1916804,Wrestling,Referee,Lithuania,MENKOVAS Kirilas,M
1916826,Wrestling,Referee,Serbia,NEDELJKOVIC Leonardo,M
1916838,Wrestling,Referee,Serbia,BORJANOVIC Borislav,M
1920697,Wrestling,Referee,Canada,CHIASSON Marcia,F
1920703,Wrestling,Referee,Canada,KOUTSOPODIOTIS Demetra,F
1920739,Wrestling,Referee,China,SUN Jian,M
1920745,Wrestling,Referee,Croatia,OCIC Zvonko,M
1921064,Wrestling,Referee,Czechia,SCHEINER Vaclav,M
1921117,Wrestling,Referee,Finland,HIETALA Joonas,M
1921173,Wrestling,Referee,France,TRAN Melanie,F
1922135,Wrestling,Referee,Georgia,JIBLADZE Zaza,M
1922182,Wrestling,Referee,Germany,SCHERER Ramona,F
1922183,Basketball,Referee,FIBA,DAHRA Amel,F
1922369,Basketball,Referee,FIBA,DAVIDSON Yann,M
1922392,Wrestling,Referee,Germany,SCHMITT Karl Peter,M
1922396,Basketball,Referee,FIBA,FERNANDEZ Juan,M
1922427,Wrestling,Referee,Greece,GEORGIOU Pavlina,F
1922432,Basketball,Referee,FIBA,FORSBERG Maj,F
1922550,Basketball,Referee,FIBA,GYORGYI Viola,F
1922553,Wrestling,Referee,Greece,LIAKOS Christos,M
1922569,Basketball,Referee,FIBA,KALLIO Matthew,M
1922570,Wrestling,Referee,Hungary,SLEISZ Gabriella,F
1922591,Basketball,Referee,FIBA,KATO Takaki,M
1922614,Basketball,Referee,FIBA,KOZLOVSKIS Martins,M
1922689,Basketball,Referee,FIBA,KREJIC Boris,M
1923016,Wrestling,Referee,Korea,LEE Jiwoo,F
1927242,Taekwondo,Referee,World Taekwondo,WARWICK Richard Jaydes,M
1928960,Basketball,Referee,FIBA,LISZKA Wojciech,M
1929700,Basketball,Jury Member,FIBA,TOOLEY Jim,M
1929719,Basketball,Jury Member,FIBA,BRENSCHEIDT Wolfgang,M
1929775,Basketball,Jury Member,FIBA,BARTLETT Michael,M
1932965,Wrestling,Referee,Mexico,CAMACHO IBARRA Juan Arturo,M
1933080,Wrestling,Referee,Netherlands,ABDOELAEV Edmar,M
1933098,Wrestling,Referee,Norway,HAMMER Thomas,M
1933258,Wrestling,Referee,Puerto Rico,GALVA LEBRON Rafael Abraham,M
1933271,Wrestling,Referee,Romania,CIMPOERU Marius,M
1933310,Wrestling,Referee,Serbia,TORBICA Nikola,M
1933349,Wrestling,Referee,Sweden,SJOSTROM Linn,F
1933383,Wrestling,Referee,Canada,SHADGAN Babak,M
1933394,Wrestling,Referee,Spain,GARCIA Carlos,M
1933402,Wrestling,Referee,Germany,SILVESTRI Antonio,M
1933411,Wrestling,Referee,Japan,KOIKE Kuninori,M
1934331,Skateboarding,Judge,Czechia,KARAS Martin,M
1934350,Skateboarding,Judge,Japan,IWAKATA Rieko,F
1934369,Skateboarding,Judge,World Skate,SANCHEZ Natalia,F
1934479,Skateboarding,Judge,World Skate,PICCOLO Ilaria,F
1934504,Skateboarding,Judge,Germany,SCHRODER Laura,F
1937668,Wrestling,Referee,Greece,KONSTANTINOU Loukas,M
1937682,Wrestling,Referee,Romania,GYARMATI Ferenc,M
1937701,3x3 Basketball,Referee,Germany,MESSER KERSTING Thomas,M
1937705,Wrestling,Referee,Slovenia,SERNEK Stanislav,M
1937758,3x3 Basketball,Referee,Switzerland,BERTRAND Eric,M
1937785,3x3 Basketball,Referee,"Hong Kong, China",HO Edmond,M
1937791,Wrestling,Referee,Chinese Taipei,JANG Tsong Rong,M
1937815,3x3 Basketball,Referee,Switzerland,MICHAELIDES Markos-Elias,M
1937848,3x3 Basketball,Referee,Poland,MALISZEWSKI Marek,M
1937858,3x3 Basketball,Referee,France,CHAJIDDINE Najib,M
1937879,3x3 Basketball,Referee,Romania,GHIZDAREANU Vlad,M
1937882,Wrestling,Referee,United States,GOESSL Casey,M
1937884,3x3 Basketball,Referee,Serbia,JURAS Jasmina,F
1937897,Wrestling,Referee,Tunisia,BOUAZIZ Mohamed Kamel,M
1937903,3x3 Basketball,Referee,China,SHI Qirong,F
1937919,3x3 Basketball,Referee,Korea,KIM Gain,F
1937973,3x3 Basketball,Referee,Hungary,CSABAI-KASKOTO Brigitta,F
1937982,3x3 Basketball,Referee,Botswana,OKATCH Dorothy,F
1937992,Hockey,Umpire,Australia,NEUMANN Aleisha,F
1937993,Hockey,Umpire,Ireland,KEOGH Alison,F
1937994,Hockey,Umpire,New Zealand,CHURCH Amber,F
1937996,Hockey,Umpire,Trinidad and Tobago,McCLEAN Ayanna,F
1938000,Hockey,Umpire,Singapore,TAN Cookie,F
1938001,Hockey,Umpire,Great Britain,BARSTOW Daniel,M
1938002,Hockey,Umpire,New Zealand,TOMLINSON David,M
1938004,Hockey,Umpire,Japan,YAMADA Emi,F
1938006,Hockey,Umpire,Argentina,LABATE Gabriel,M
1938007,Hockey,Umpire,New Zealand,GREENFIELD Gareth,M
1938008,Hockey,Umpire,Great Britain,HARRISON Hannah,F
1938009,Hockey,Umpire,Singapore,LIM Hong Zhen,M
1938010,Hockey,Umpire,Argentina,PRESENQUI Irene,F
1938013,3x3 Basketball,Referee,United States,JACKSON Deanna,F
1938014,Hockey,Umpire,Netherlands,VANT HEK Jonas,M
1938015,Hockey,Umpire,Netherlands,van BUNGE Coen,M
1938016,Hockey,Umpire,Belgium,DELFORGE Laurine,F
1938019,Hockey,Umpire,Poland,GROCHAL Marcin,M
1938022,Hockey,Umpire,Great Britain,MADDEN Martin,M
1938024,Hockey,Umpire,Great Britain,WILLIAMS Rachel,F
1938030,Hockey,Umpire,Great Britain,WILSON Sarah,F
1938032,Hockey,Umpire,Australia,ROGERS Steve,M
1938039,Wrestling,Referee,Bulgaria,KIREZIEV Nedyalko Kirov,M
1938090,3x3 Basketball,Referee,Estonia,TALISAINEN Alex,M
1938097,Wrestling,Referee,United States,JULIAN Samuel,M
1938099,3x3 Basketball,Referee,Romania,CSENDER Andrada Monika,F
1938104,3x3 Basketball,Referee,Serbia,VESKOVIC Vladimir,M
1938105,Wrestling,Referee,United States,SYLSTAD Susanna,F
1938619,Wrestling,Referee,TÃ¼rkiye,CICIOGLU Ibrahim,M
1940919,Wrestling,Referee,TÃ¼rkiye,YUCEL Mehmet Gurhan,M
1941133,Wrestling,Referee,IR Iran,BASHIRZADEH NAMADMAL Mehdi,M
1941151,Cycling BMX Freestyle,Judge,UCI,BLATT Scott,M
1941720,Skateboarding,Judge,Slovenia,JAZBINSEK Marko,M
1941779,Cycling BMX Freestyle,Judge,Australia,DILLEWAARD Dave,M
1941791,Cycling BMX Freestyle,Head Judge,Great Britain,CLEWORTH David,M
1942348,Rugby Sevens,Referee,Spain,NIEVAS Alhambra,F
1942350,Rugby Sevens,Referee,World Rugby,BLANCO Juan Cruz,M
1942353,Hockey,Umpire,South Africa,VENTER Wanri,F
1942354,Rugby Sevens,Referee,Great Britain,LEAL Adam,M
1942356,Rugby Sevens,Referee,World Rugby,JUMA James,M
1942360,Rugby Sevens,Referee,World Rugby,JOUBERT Craig Paul,M
1942361,Rugby Sevens,Referee,World Rugby,MATTHEWS Fran,F
1942363,Rugby Sevens,Referee,Australia,JOHNSTON Matthew,M
1942365,Rugby Sevens,Referee,World Rugby,MATSUO Amy,F
1942367,Rugby Sevens,Referee,World Rugby,NOLAN Yvonne,F
1942368,Rugby Sevens,Referee,World Rugby,FERGUSON Peter,M
1942369,Rugby Sevens,Referee,World Rugby,ODWYER Carmel,F
1942370,Rugby Sevens,Referee,World Rugby,DONAGHER Ronan,M
1942371,Rugby Sevens,Referee,New Zealand,OBRIEN Paddy,M
1942372,Rugby Sevens,Referee,World Rugby,QUINLAN Christopher,M
1942373,Rugby Sevens,Referee,Ireland,KEANE David,M
1942374,Rugby Sevens,Referee,World Rugby,TWOMEY Cian,M
1942375,Rugby Sevens,Referee,Italy,GNECCHI Gianluca,M
1942376,Rugby Sevens,Referee,World Rugby,DICKENS Beth,F
1942377,Rugby Sevens,Referee,France,ROZIER Jeremy,M
1942378,Rugby Sevens,Referee,World Rugby,WARD David,M
1942379,Rugby Sevens,Referee,Fiji,ROKOVERENI Tevita,M
1942380,Rugby Sevens,Referee,Netherlands,McPHAIL James,M
1942972,Volleyball,Referee,China,WANG Ziling,F
1943350,Cycling BMX Freestyle,Judge,Great Britain,HUGHES Christi,F
1943476,Hockey,Umpire,South Africa,RAPAPORT Sean,M
1948013,Hockey,Umpire,South Africa,ROSTRON Annelize,F
1948034,Hockey,Umpire,India,PRASAD Raghu,M
1948172,Basketball,Referee,FIBA,MIKHEYEV Yevgeniy,M
1948315,Basketball,Referee,FIBA,MOSTAFA Wael,M
1948497,Basketball,Referee,FIBA,NOUJAIM Rabah,M
1948922,Basketball,Referee,FIBA,PERALTA Carlos,M
1949000,Basketball,Referee,FIBA,PAEZ Kristian,M
1949352,Cycling BMX Freestyle,Judge,Argentina,JURGENS Axel,M
1956115,Cycling BMX Freestyle,Judge,United States,KACHINSKY Brian,M
1956714,Cycling BMX Freestyle,Judge,France,NOIROT Romuald,M
1957925,Cycling BMX Freestyle,Judge,Italy,TOSI Fulvia,F
1958435,Boxing,Referee,Ireland,McGARRIGLE Ben,M
1958462,Boxing,Referee,United States,REESE Shawn,M
1958696,Boxing,Referee,Kazakhstan,ALTAYEV Alisher,M
1958816,Boxing,Referee,France,MOUHNI Abderrazzak,M
1958835,Boxing,Judge,PBU,BABANLI Anar,M
1958863,Boxing,Referee,Puerto Rico,FERREIRA Emanuel,M
1958875,Boxing,Referee,Guatemala,PASTOR ARREAGA Emerson Alejandro,M
1959180,Basketball,Jury Member,FIBA,SCHNEIDER Jill,F
1963610,Basketball,Referee,FIBA,PRAKSCH Peter,M
1963689,Basketball,Referee,FIBA,RENEAU Jenna,F
1963755,Basketball,Referee,FIBA,ROSSO Yohan,M
1963769,Basketball,Referee,FIBA,SALINS Gatis,M
1963784,Basketball,Referee,FIBA,VAZQUEZ Roberto,M
1963816,Basketball,Referee,FIBA,VULIC Martin,M
1963832,Basketball,Referee,FIBA,ZURAPOVIC Ademir,M
1963904,Basketball,Referee,FIBA,MALO Maripier,F
1963920,Basketball,Referee,FIBA,MAZZONI Manuel,M
1969254,Rugby Sevens,Referee,Germany,LATOS Maria,F
1969255,Rugby Sevens,Referee,South Africa,FERREIRA Morne,M
1969256,Rugby Sevens,Referee,Great Britain,BREAKSPEAR Ben,M
1969257,Rugby Sevens,Referee,Portugal,DUARTE Paulo,M
1969258,Rugby Sevens,Referee,Australia,WAY Jordan,M
1969260,Rugby Sevens,Referee,New Zealand,HOGAN Nick,M
1969261,Rugby Sevens,Referee,Fiji,RACACA Lavenia,F
1969262,Rugby Sevens,Referee,World Rugby,CARTER Jennifer,F
1969263,Rugby Sevens,Referee,New Zealand,COGGER-ORR Maggie,F
1969264,Rugby Sevens,Referee,New Zealand,RODDEN Matt,M
1969265,Rugby Sevens,Referee,Great Britain,SELWOOD George,M
1969266,Rugby Sevens,Referee,United States,LOPEZ Cisco,M
1969267,Rugby Sevens,Referee,Japan,KUWAI Ano,F
1969268,Rugby Sevens,Referee,World Rugby,LOOK Michelle,F
1969271,Rugby Sevens,Referee,Uruguay,GONZALEZ Francisco,M
1969272,Rugby Sevens,Referee,Great Britain,WATTERS Phil,M
1969273,Rugby Sevens,Referee,Canada,CHAUDHRY Talal-Azmat,M
1969274,Rugby Sevens,Referee,"Hong Kong, China",CHAN Craig,M
1969278,Rugby Sevens,Referee,Great Britain,BROWN Finlay,M
1969280,Rugby Sevens,Referee,United States,ROCHE Kat,F
1969282,Rugby Sevens,Referee,World Rugby,ARCHER Jamie,M
1969286,Rugby Sevens,Referee,South Africa,JACOBS Aj,M
1972217,Boxing,Referee,Azerbaijan,GURBANALIYEV Emil,M
1972380,Boxing,Judge,PBU,MILAN PONCE Juan,M
1978063,Basketball,Referee,FIBA,RAMOS Armando,M
1978746,Basketball,Referee,FIBA,JULIEN Chantal,F
1979320,Boxing,Referee,Uzbekistan,PALVANOV Alisher,M
1979476,Boxing,Judge,PBU,MUHIDDINOV Mansur,M
1979504,Skateboarding,Judge,France,DROZ Nicolas,M
1979546,Boxing,Judge,PBU,JUMANIYAZOV Bahodir,M
1984366,Rugby Sevens,Referee,Australia,KEANE Reuben,M
1984367,Rugby Sevens,Referee,Australia,MILLER Tyler,F
1986901,Taekwondo,Referee,World Taekwondo,LEE Jaewook,M
1988167,Breaking,Head Judge,Slovakia,MGBILITY,M
1990684,Football,Referee,United States,CHIAMPAS George,M
1990685,Football,Referee,Germany,DUEHMERT Katharina,F
1990686,Football,Referee,Tonga,FEKE Penateti,F
1990687,Football,Referee,Italy,FUSTAGNO Fiorella,F
1990688,Football,Referee,Brazil,TERRA Tadeu,M
1990690,Football,Referee,Great Britain,BILLINGHAM Johsan,M
1990691,Football,Referee,Great Britain,BOYCE Steve,M
1990692,Football,Referee,Germany,CARPINTEIRO ZIMMERMANN Philip,M
1990693,Football,Referee,New Zealand,DEAN Pauline,F
1990695,Football,Referee,Portugal,ARAUJO Joao,M
1990697,Football,Referee,Italy,FOFI Lorenzo,M
1990698,Football,Referee,Jordan,HAMARSHA Zeina,F
1990700,Football,Referee,Australia,ILIC James,M
1990702,Football,Referee,Korea,LEE Jae,M
1990703,Football,Referee,United States,LENA Felix,M
1990704,Football,Referee,Great Britain,MACLEAN John,M
1990705,Football,Referee,Spain,MATEOS Andres,M
1990706,Football,Referee,France,MERZOUK Mehdi,M
1990707,Football,Referee,Great Britain,PATEL Sameer,M
1990710,Football,Referee,Netherlands,SCHEPERBOER Coen,M
1990711,Football,Referee,Canada,SHENOUDA Emad,M
1990714,Football,Referee,Uruguay,TOBIAS Guillermo,M
1990715,Football,Referee,Japan,UCHIDA Shintaro,M
1990716,Football,Referee,Guatemala,VELASQUEZ Pedro,M
1990717,Football,Referee,Germany,WEILER Richard,M
1990718,Football,Referee,Portugal,TAVARES Eduardo,M
1990719,Football,Referee,China,DAI Jessie,F
1990720,Football,Referee,Kyrgyzstan,LUZANOV Pavel,M
1990721,Football,Referee,Egypt,NASSAR Khaled,M
1990736,Football,Referee,Jamaica,DACOSTA Latoya,F
1990795,Artistic Gymnastics,Judge,FIG,MUKAI Naoko,F
1990866,Artistic Gymnastics,Judge,FIG,CACHEMAILLE Celine,F
1990867,Artistic Gymnastics,Judge,FIG,DETRAZ Stephane,M
1990868,Artistic Gymnastics,Judge,FIG,MARTINET Sylvie,F
1990869,Artistic Gymnastics,Judge,FIG,VINAGRE Rui,M
1990870,Artistic Gymnastics,Judge,FIG,TERRIER Zina,F
1991692,Wrestling,Referee,TÃ¼rkiye,SEN Levent,M
1991697,Wrestling,Referee,Egypt,HALAWA Sherif,M
1991704,Wrestling,Referee,Algeria,TRAI Belkacem,M
1993466,Boxing,Judge,PBU,BASTIAN Beatrice,F
1993467,Boxing,Judge,PBU,BECKLES James,M
1993468,Boxing,Judge,PBU,BILETSKYI Igor,M
1993469,Boxing,Judge,PBU,CELEA Cristian-Georgica,M
1993470,Boxing,Judge,PBU,COBZAC Ramona Manuela,F
1993544,Boxing,Judge,PBU,SANKO Barbara,F
1993545,Boxing,Judge,PBU,FISCHER Angelika,F
1993546,Boxing,Judge,PBU,DREKE Erich,M
1993547,Boxing,Judge,PBU,EMERY Doug,M
1993548,Boxing,Judge,PBU,MORLEY Ray,M
1993549,Boxing,Judge,PBU,SALVO Hernan,M
1993550,Boxing,Judge,PBU,SANCHEZ Armando,M
1993551,Boxing,Judge,PBU,SANTI Bernardino,M
1993552,Boxing,Judge,PBU,SCAPPA Chiara,F
1993553,Boxing,Judge,PBU,SHEVELOVA Olha,F
1993554,Boxing,Judge,PBU,SHTYFURA Polina,F
1993555,Boxing,Judge,PBU,SOTO Andrews L,M
1993556,Boxing,Judge,PBU,TRIKALIOTIS Panagiotis,M
1993557,Boxing,Judge,PBU,VILLARREAL Angel Luis,M
1993558,Boxing,Judge,PBU,WONG William Alexander,M
1993629,Taekwondo,Referee,World Taekwondo,DAWANI Nadin,F
1994107,Boxing,Judge,PBU,RAVEL Stephanie,F
1994108,Boxing,Judge,PBU,MENARA Mario,M
1994109,Boxing,Judge,PBU,HADJRI Mokhtar,M
1994110,Boxing,Judge,PBU,GOSSELIN Severine,F
1994111,Boxing,Judge,PBU,SILBERMANN Philippe,M
1994112,Boxing,Judge,PBU,OUBAALI S Mail,M
1994151,Handball,Referee,IHF,GUILLEMOT Vincent,M
1994152,Handball,Referee,IHF,LEFORT Yohan,M
1994153,Handball,Referee,IHF,CASTAGNO Frederic,M
1994154,Handball,Referee,IHF,GRUMEL Nicolas,M
1994155,Handball,Referee,IHF,RICHEL Marie,F
1994156,Handball,Referee,IHF,VINCENT Tatiana,F
1994157,Handball,Referee,IHF,PRUDHOMME Eddy,M
1994158,Handball,Referee,IHF,LAMY Jacques,M
1994159,Handball,Referee,IHF,RENAULT Romain,M
1994160,Handball,Referee,IHF,de la CROIX Marie Laure,F
1994161,Handball,Referee,IHF,NOUVEL Jerome,M
1994162,Handball,Referee,IHF,BENRHAZAL Mohamed,M
1994163,Handball,Referee,IHF,SMITS Nathalie,F
1994164,Handball,Referee,IHF,CARON Christophe,M
1994165,Handball,Referee,IHF,FERRIER Eduardo,M
1994166,Handball,Referee,IHF,EL MEDIOUNI Najet,F
1994167,Handball,Referee,IHF,VAILLANT Patrice,M
1994168,Handball,Referee,IHF,CALLIGARIS Laurent,M
1994169,Handball,Referee,IHF,CALLIGARIS Florian,M
1994170,Handball,Referee,IHF,VERCHERE Thomas,M
1994171,Handball,Referee,IHF,THOMAZO Alann,M
1994172,Handball,Referee,IHF,LEIDWANGER Stephane,M
1994173,Handball,Referee,IHF,BOBIN Thierry,M
1994174,Handball,Referee,IHF,SOBOLEWSKI Detlef,M
1994175,Handball,Referee,IHF,VERNET Gauthier,M
1994177,Handball,Referee,IHF,DAVID Audrey,F
1994178,Handball,Referee,IHF,PICARD Sylvie,F
1994179,Handball,Referee,IHF,GRALL LEMAITRE Flore,F
1994180,Handball,Referee,IHF,ALMEIDA Manuel,M
1994181,Handball,Referee,IHF,COQUIN Johann,M
1994182,Handball,Referee,IHF,GANDON Maxime,M
1994183,Handball,Referee,IHF,CAPLIEZ Virginie,F
1994510,Football,Referee,Palestine,ABUJABER Iman,F
1995222,3x3 Basketball,Referee,France,MEARY Aurelia,F
1995226,3x3 Basketball,Referee,France,BOIRE Elise,F
1995228,3x3 Basketball,Referee,France,BOUTONNET Gregoire,M
1995229,3x3 Basketball,Referee,France,PREL Nicolas,M
1995231,3x3 Basketball,Referee,France,TAEYE Corinne,F
1995232,3x3 Basketball,Referee,France,FAYS Francois,M
1995233,3x3 Basketball,Referee,France,FOREST Alexis,M
1995236,3x3 Basketball,Referee,France,MECHIN Celine,F
1995237,3x3 Basketball,Referee,France,SEVAUX Arnaud,M
1995239,3x3 Basketball,Referee,France,CORTINOVIS BEGLOT Chloe,F
1995240,3x3 Basketball,Referee,France,HENON Sandrine,F
1995244,3x3 Basketball,Referee,France,FRANCOIS Cedric,M
1997639,Breaking,Judge B,Germany,FROST,F
1997650,Breaking,Judge H,France,DOM-K,M
1997675,Breaking,Judge E,Spain,JESS,F
1997676,Breaking,Judge I,Ukraine,INTACT,M
1998243,Breaking,Judge D,Brazil,MIGAZ,M
2003348,Breaking,Judge G,Korea,VIRUS,M
2005147,Football,Referee,Brazil,ABATTI Ramon,M
2005151,Football,Referee,UA Emirates,AL NAQBI Adel,M
2005153,Football,Referee,Brazil,ALVES Edina,F
2005159,Football,Referee,Mauritania,BEIDA Dahane,M
2005161,Football,Referee,Kyrgyzstan,BERNATSKAIA Veronika,F
2005166,Football,Referee,Venezuela,CALDERAS Emikar,F
2005170,Football,Referee,Serbia,CVETKOVIC Jelena,F
2005179,Football,Referee,Norway,ESKAS Espen,M
2005180,Football,Referee,Argentina,FALCON Yael,M
2005181,Football,Referee,Uruguay,FERNANDEZ Anahi,F
2005182,Football,Referee,Canada,FISCHER Drew,M
2005183,Football,Referee,Mexico,GARCIA Katia,F
2005188,Football,Referee,Morocco,KARBOUBI Bouchra,F
2005189,Football,Referee,New Zealand,KAWANA-WAUGH Campbell-Kirk,M
2005190,Football,Referee,Korea,KIM Yujeong,F
2005191,Football,Referee,Denmark,KLARLUND Frida,F
2005193,Football,Referee,France,LETEXIER Francois,M
2005195,Football,Referee,Honduras,MARTINEZ Said,M
2005200,Football,Referee,Sweden,NYBERG Glenn,M
2005201,Football,Referee,Sweden,OLOFSSON Tess,F
2005206,Football,Referee,United States,PENSO Tori,F
2005218,Football,Referee,Great Britain,WELCH Rebecca,F
2005219,Football,Referee,Japan,YAMASHITA Yoshimi,F
2005674,Boxing,Judge,PBU,LAUKKANEN Anna,F
2005675,Boxing,Judge,PBU,WILSON Rosalind,F
2005676,Boxing,Judge,PBU,MACDIARMADA Diarmuid,M
2005677,Boxing,Judge,PBU,NORFORD Micky,M
2005678,Boxing,Judge,PBU,PENA CLEMENTE Felix Francisco,M
2005679,Boxing,Judge,PBU,BLANCHARD Edward,M
2005680,Boxing,Judge,PBU,BOBINAS Vilmantas,M
2005681,Boxing,Judge,PBU,CALO-OY Mark,M
2005682,Boxing,Judge,PBU,CANNELL Geoffrey,M
2005683,Boxing,Referee,Norway,DAHLEN Geir,M
2005684,Boxing,Referee,Hungary,BEKI Piroska,F
2005685,Boxing,Referee,Netherlands,DUNAR Cem,M
2005686,Boxing,Judge,PBU,FALORNI Paola,F
2005687,Boxing,Judge,PBU,FRANCHI Carlo,M
2005688,Boxing,Referee,Czechia,GASPAR Antonin,M
2005690,Boxing,Judge,PBU,HANEVICS Leonids,M
2005691,Boxing,Referee,Germany,KOPKE Susann,F
2005692,Boxing,Judge,PBU,LYUBARSKYY Yuriy,M
2005693,Boxing,Referee,Estonia,MELISS Dmitri,M
2005694,Boxing,Judge,PBU,MIETLA Kazimierz,M
2005695,Boxing,Judge,PBU,OLANDER Mats,M
2005696,Boxing,Referee,Bulgaria,PAVLOV Pavel,M
2005697,Boxing,Referee,Canada,PETERSON Wade,M
2005698,Boxing,Referee,Estonia,PETERSON Jakov,M
2005699,Boxing,Judge,PBU,POPOV Ivan,M
2005700,Boxing,Judge,PBU,RAMAJ Naim,M
2005701,Boxing,Judge,PBU,RIVERA Don,M
2005702,Boxing,Judge,PBU,RIZZARDO Maria,F
2005703,Boxing,Judge,PBU,SCHRODER Jurgen,M
2005704,Boxing,Referee,Argentina,SERVIDE Roberto Fernando,M
2005705,Boxing,Referee,Slovakia,SIMON Radoslav,M
2005706,Boxing,Judge,PBU,SNIUKSTA Gintaras,M
2005707,Boxing,Judge,PBU,HAMMER SORENSEN Jorgen,M
2005708,Boxing,Judge,PBU,VASILIAUSKAS Rytis,M
2005709,Boxing,Judge,PBU,VASYLYNCHUK Pavlo,M
2005710,Boxing,Referee,Canada,VERHOEVEN Jeffery,M
2005711,Boxing,Referee,Argentina,VILARINO Manuel,M
2005712,Boxing,Judge,PBU,PIKE David,M
2005713,Boxing,Referee,Hungary,SZUCS Veronika,F
2005714,Boxing,Referee,Australia,RUHEN Carl,M
2005715,Boxing,Referee,Great Britain,INNES Lee,M
2005716,Boxing,Judge,PBU,MA Jonghyo,M
2005717,Boxing,Referee,Chinese Taipei,LIN Chia Chan,F
2005718,Boxing,Judge,PBU,LEE Hyeok,F
2005719,Boxing,Judge,PBU,KURGINIAN Artur,M
2005720,Boxing,Referee,PBU,KRUTASOV Sergei,M
2005721,Boxing,Judge,PBU,KIM Jihyun,M
2005722,Boxing,Referee,Korea,KIM Jongjin,M
2005723,Boxing,Judge,PBU,MIHAI Ion,M
2005724,Boxing,Referee,Korea,CHO Jungsook,F
2005725,Boxing,Judge,PBU,CHANG Yu Ling,F
2005726,Boxing,Judge,PBU,ALLAN CAMPBELL Beau,M
2005727,Boxing,Judge,PBU,ZELIKOWICZ Luis,M
2005728,Boxing,Judge,PBU,STEPHENS JOHN Deborah Ann,F
2005729,Boxing,Judge,PBU,VONG Kuok Veng,M
2005730,Boxing,Judge,PBU,JAYASINHA Eesajith,M
2005731,Boxing,Judge,PBU,WHIPPY Ratu Seru,M
2005733,Boxing,Judge,PBU,CHAPLIN David,M
2005734,Boxing,Judge,PBU,DZIURGOT Maciej,M
2005735,Boxing,Judge,PBU,STEFANSKI Filip,M
2005737,Boxing,Judge,PBU,MADEN Johany,M
2008524,Breaking,Judge A,Japan,KAZUHIRO,M
2009147,Football,Referee,Jamaica,HAMILTON Odette,F
2009149,Football,Referee,Sudan,ISMAIL Mahmood,M
2009154,Football,Referee,Uzbekistan,TANTASHEV Ilgiz,M
2009168,Football,Referee,Uganda,NABADDA Shamirah,F
2014175,Boxing,Judge,PBU,NI Marina,F
2014176,Boxing,Referee,Kazakhstan,SUIYENISH Yermek,M
2014177,Boxing,Referee,Sri Lanka,THAMPU Nelka,F
2014178,Boxing,Referee,India,SAI ASHOK Kabilan,M
2014179,Boxing,Judge,PBU,SAFRASK Mohamed,M
2014180,Boxing,Judge,PBU,MOUFASSIR Said,M
2014182,Boxing,Judge,PBU,BORKOEVA Zhamila,F
2014183,Boxing,Referee,Indonesia,POHAN Muhammad,M
2014230,Boxing,Referee,Morocco,ABBAR Bachir,M
2014600,Boxing,Judge,PBU,BATYROV Nurbek,M
2017691,Judo,Referee,Great Britain,FRANCO-ROOKS Sheldon,M
2044484,Judo,Referee,Japan,AMANO Akiko,F
2046731,Judo,Referee,Romania,BABIUC Ioana,F
2049057,Judo,Referee,France,BATAILLE Matthieu,M
2050908,Marathon Swimming,Referee,World Aquatics,CODA Renata,F
2052888,Judo,Referee,Israel,BEN ZVI Ofer,M
2054317,Judo,Referee,Spain,CAMACHO PEREZ Raul,M
2057677,Judo,Referee,Italy,CHYURLIA Roberta,F
2059799,Judo,Referee,Dominican Republic,CRUZ CRUZ Orlando,M
2061938,Judo,Referee,Gabon,DJIMBI Jean Claude,M
2063597,Judo,Referee,Brazil,dos SANTOS Mariano,M
2067277,Judo,Referee,Mexico,GONZALEZ Elizabeth,F
2073824,Judo,Referee,Hungary,GOSZTONYI Balazs,M
2074928,Surfing,Technical Official,ISA,MARERE Aehoitetauirarii,M
2074935,Surfing,Technical Official,ISA,ARAKINO Moko,M
2074939,Surfing,Technical Official,ISA,MASSIN Nathalie,F
2074945,Surfing,Technical Official,ISA,AMARU Prisca,F
2074951,Surfing,Technical Official,ISA,COUTURAUD Heremoana,M
2074956,Surfing,Technical Official,ISA,DUHAZE Yann,M
2074962,Surfing,Technical Official,ISA,PAHAPE Sarah,F
2074968,Surfing,Technical Official,ISA,de LONGEAUX Xavier,M
2075404,Judo,Referee,Finland,KARINKANTA Veli-Matti,M
2078388,Judo,Referee,Georgia,NUTSUBIDZE Vladimer,M
2080942,Judo,Referee,Uzbekistan,PERETEYKO Vyacheslav,M
2082578,Water Polo,Referee,Croatia,FRANULOVIC Andrej,M
2083888,Diving,Judge,China,RAO Lang,F
2084202,Judo,Referee,Australia,PETR Lubomir,M
2084318,Water Polo,Referee,Hungary,DEBRECENI Nora Nikola,F
2084569,Marathon Swimming,Referee,World Aquatics,KRUTKAEW Varinthip,F
2084667,Water Polo,Referee,China,ZHANG Liang,M
2084843,Diving,Judge,Sweden,AXTELIUS Peter,M
2084910,Diving,Judge,Brazil,PARISI Hugo,M
2085388,Diving,Judge,Croatia,KOLIC Natasa,F
2085933,Water Polo,Referee,France,BLANCHARD Aurely,F
2086405,Judo,Referee,China,ZHANG Guangyue,F
2088103,Judo,Referee,Spain,CORTES Manuel,M
2090832,Judo,Referee,Australia,KNOESTER Carlo,M
2092195,Judo,Referee,Mongolia,MASHBAT Bukhbat,M
2093293,Judo,Referee,IJF,RAKHLIN Evgeny,M
2279615,Diving,Referee,World Aquatics,GERRARD David,M
2279688,Diving,Referee,World Aquatics,MILLER James,M
2279694,Diving,Referee,World Aquatics,MERKELY Bela Peter,M
2279704,Diving,Referee,World Aquatics,ELHABIBY Riham,F
2279707,Diving,Referee,World Aquatics,van den HOOGENBAND Cees,M
2279712,Diving,Referee,World Aquatics,SHERAFAT VAZIRI Arash,M
2279716,Diving,Referee,World Aquatics,WINGFIELD WILLIAMS Kristin,F
2279831,Water Polo,Referee,World Aquatics,ZHAO Qi,M
2279833,Marathon Swimming,Referee,World Aquatics,COMPOIS Benedicte,F
2279834,Water Polo,Referee,World Aquatics,CIRIC Mihajlo,M
2279835,Diving,Judge,Canada,PETERSON Gord,M
2279836,Water Polo,Referee,World Aquatics,MOLINER Angel,M
2279837,Diving,Judge,Sweden,LINDBERG Mathz,M
2279838,Water Polo,Referee,World Aquatics,BRGULJAN Marijo,M
2279839,Diving,Judge,Poland,KRYNICKI Bartlomiej,M
2279841,Diving,Judge,Ukraine,SOROKINA Anna,F
2279842,Water Polo,Referee,World Aquatics,de JESUS Manuel,M
2279843,Diving,Judge,Kuwait,ALSAFFAR Bashar,M
2279845,Diving,Judge,Czechia,NOVOTNA Hana,F
2279846,Water Polo,Referee,World Aquatics,WILLIS Dion,M
2279850,Marathon Swimming,Referee,World Aquatics,FODOR Szabolcs,M
2279851,Water Polo,Referee,World Aquatics,KURODA Ken,M
2279852,Diving,Judge,Japan,KANETO Yuki,F
2279853,Marathon Swimming,Referee,World Aquatics,van VEENHUYZEN Emile,M
2279855,Water Polo,Referee,World Aquatics,BROCHERO Monica,F
2279858,Marathon Swimming,Referee,World Aquatics,AL ALAWI Abdul Monem,M
2279859,Water Polo,Referee,World Aquatics,CAPUTI Massimiliano,M
2279861,Water Polo,Referee,World Aquatics,HOEPELMAN Andy,M
2279862,Water Polo,Referee,World Aquatics,SOTO Jorge,M
2279863,Water Polo,Referee,World Aquatics,BEBIC Milivoj,M
2279865,Marathon Swimming,Referee,World Aquatics,BAPTISTA Luis,M
2279867,Marathon Swimming,Referee,World Aquatics,CASSIDY S.A. Sid,M
2279869,Diving,Judge,Egypt,HASSAN Mohamed,M
2279872,Diving,Judge,Malaysia,KOH Tony,M
2279873,Marathon Swimming,Referee,World Aquatics,WEERTMAN Ferry,M
2279874,Marathon Swimming,Referee,World Aquatics,KASHMIRI Ziyad,M
2279875,Water Polo,Referee,World Aquatics,REZVANI Mohsen,M
2279876,Water Polo,Referee,World Aquatics,CAMERON Don,M
2279877,Diving,Judge,Australia,BROOKER Eric,M
2279878,Diving,Judge,"Hong Kong, China",GUO Jingjing,F
2279879,Marathon Swimming,Referee,World Aquatics,BOGOMILOVA Tanya,F
2279880,Water Polo,Referee,World Aquatics,FARID Hadi,M
2279881,Water Polo,Referee,World Aquatics,KOZOMPOLI Stavroula,F
2279882,Water Polo,Referee,World Aquatics,MOLNAR Tamas,M
2279885,Marathon Swimming,Referee,World Aquatics,PRAYER Andrea,M
2279886,Diving,Judge,China,LI Na,F
2279887,Marathon Swimming,Referee,World Aquatics,WEST John,M
2279889,Water Polo,Referee,World Aquatics,PAPAZIAN Richard,M
2279890,Marathon Swimming,Referee,World Aquatics,KAMRAU Britta,F
2279891,Diving,Judge,World Aquatics,KELEMEN Ildiko,F
2279893,Diving,Judge,Croatia,DONOVAL Sanda,F
2279895,Marathon Swimming,Referee,World Aquatics,ICHIKAWA Ioki,M
2279896,Diving,Judge,Peru,SALAS Josue,M
2279897,Diving,Judge,Mexico,MENA Jesus,M
2279899,Marathon Swimming,Referee,World Aquatics,van de BERG Damian,M
2279900,Diving,Judge,Great Britain,BECK Melanie,F
2279901,Marathon Swimming,Referee,World Aquatics,CHENG Ho Ming Edward,M
2280241,Artistic Swimming,Judge,World Aquatics,de RENZIS Laura,F
2280242,Artistic Swimming,Judge,World Aquatics,VIZI Judit,F
2280243,Artistic Swimming,Judge,World Aquatics,KAVAKLIOGLU Marie,F
2280244,Artistic Swimming,Judge,World Aquatics,ASAHARA Fumiko,F
2280245,Artistic Swimming,Judge,World Aquatics,NAIDOO Jennifer,F
2280246,Artistic Swimming,Judge,World Aquatics,CROES Esther,F
2280247,Artistic Swimming,Judge,World Aquatics,LUO Xi,F
2280248,Artistic Swimming,Judge,World Aquatics,HAZLE Betty,F
2280249,Artistic Swimming,Judge,World Aquatics,KARAMPELA Despoina,F
2280250,Artistic Swimming,Judge,World Aquatics,PAVON Veronica,F
2280251,Artistic Swimming,Judge,World Aquatics,KARIMOVA Aliya,F
2280252,Artistic Swimming,Judge,World Aquatics,NEPOTACHEVA Anna,F
2280253,Artistic Swimming,Judge,World Aquatics,VIGLINO Gabriela,F
2280254,Artistic Swimming,Judge,World Aquatics,MONTERO Ana,F
2280255,Artistic Swimming,Judge,World Aquatics,SCHOTT Lisa,F
2280256,Artistic Swimming,Judge,World Aquatics,CHEW Steve,M
2280354,Artistic Swimming,Judge,World Aquatics,BAI Muwei,F
2280355,Artistic Swimming,Judge,World Aquatics,HEALD Kara,F
2280356,Artistic Swimming,Judge,World Aquatics,ZAPATA AGUDELO Lina Maria,F
2280357,Artistic Swimming,Judge,World Aquatics,ARRAM Iman,F
2280358,Artistic Swimming,Judge,World Aquatics,SHEPARD Lucia,F
2280359,Artistic Swimming,Judge,World Aquatics,SUMI Akiko,F
2280360,Artistic Swimming,Judge,World Aquatics,PRATT Ali,F
2280361,Artistic Swimming,Judge,World Aquatics,RUSSELL Cheryl,F
2280362,Artistic Swimming,Judge,World Aquatics,LERMAN Natalia,F
2280363,Artistic Swimming,Judge,World Aquatics,MONTEDONICO Sofia Victoria,F
2280364,Artistic Swimming,Judge,World Aquatics,GARCIA GENTA Luciana,F
2280365,Artistic Swimming,Judge,World Aquatics,OBERMARK FUNKE Petra,F
2280366,Artistic Swimming,Judge,World Aquatics,VEGA COUTO Marisol,F
2280367,Artistic Swimming,Judge,World Aquatics,GRICAR Iva,F
2280368,Artistic Swimming,Judge,World Aquatics,MUSSON Courtney,F
2280369,Artistic Swimming,Judge,World Aquatics,KEUR Rynske,F
2281421,Water Polo,Referee,Italy,COLOMBO Raffaele,M
2281422,Diving,Judge,Egypt,DAW Yehia,M
2281423,Water Polo,Referee,France,DERVIEUX Sebastien,M
2281425,Water Polo,Referee,Italy,FERRARI Alessia,F
2281427,Marathon Swimming,Referee,World Aquatics,GILLESPIE Ross,M
2281428,Diving,Judge,Ukraine,GOLOVAN Anatoliy,M
2281429,Water Polo,Referee,Spain,GOMEZ PORDOMINGO David,M
2281430,Water Polo,Referee,Australia,HODGERS Nicholas,M
2281432,Marathon Swimming,Referee,World Aquatics,KIAMBATA Kimbu,M
2281433,Water Polo,Referee,Hungary,KOVACS-CSATLOS Tamas,M
2281434,Water Polo,Referee,Japan,KUROSAKI Chisato,M
2281445,Beach Volleyball,Line Judge,FIVB,ISNARD Adrien,M
2281448,Beach Volleyball,Line Judge,FIVB,LEGRAND Olivier,M
2281449,Beach Volleyball,Line Judge,FIVB,HORVAIS Azeline,F
2281450,Beach Volleyball,Line Judge,FIVB,MENDES Zelio,M
2281451,Beach Volleyball,Line Judge,FIVB,CHARRIERE Fabien,M
2281452,Beach Volleyball,Line Judge,FIVB,de CASTRO Miguel,M
2281454,Beach Volleyball,Line Judge,FIVB,NIEL Maxime,M
2281455,Beach Volleyball,Line Judge,FIVB,TORRE Pietro,M
2281456,Beach Volleyball,Line Judge,FIVB,le CORVIC Frank,M
2281457,Beach Volleyball,Line Judge,FIVB,DENIS Olivier,M
2281459,Beach Volleyball,Line Judge,FIVB,de THY Morgane,F
2281460,Beach Volleyball,Line Judge,FIVB,TRANCHANT Sebastien,M
2281461,Beach Volleyball,Line Judge,FIVB,CREPEL Stephane,M
2281462,Beach Volleyball,Line Judge,FIVB,BRASSART Geoffrey,M
2281463,Beach Volleyball,Line Judge,FIVB,AGESILAS Yael,M
2281466,Beach Volleyball,Line Judge,FIVB,TANGUY Ludivine,F
2281467,Beach Volleyball,Line Judge,FIVB,RANCHAL Lilian,M
2281469,Beach Volleyball,Line Judge,FIVB,PIETRASIK Theo,M
2281471,Beach Volleyball,Line Judge,FIVB,GREUILLET Laurence,F
2281472,Beach Volleyball,Line Judge,FIVB,MAMERI Fahim,M
2281520,Artistic Swimming,Judge,World Aquatics,ZWI Noam,M
2281953,Water Polo,Referee,Germany,OHME Frank,M
2281954,Diving,Judge,Greece,TOULOUDIS Nikolaos,M
2281955,Diving,Judge,Spain,PEREZ Angel,M
2281956,Diving,Judge,Great Britain,TOMLINSON Vicki,F
2281957,Diving,Judge,Singapore,LEE William,M
2281958,Water Polo,Referee,Slovenia,MARGETA Boris,M
2281959,Water Polo,Referee,South Africa,STEWART Lee-Anne,F
2281960,Water Polo,Referee,Montenegro,MISKOVIC Veselin,M
2281962,Water Polo,Referee,Netherlands,ZWART Michiel,M
2281963,Water Polo,Referee,United States,Mc CALL Jennifer Erin,F
2281964,Diving,Judge,Hungary,SZEKFFY Nora,F
2281965,Diving,Judge,United States,STABILE Jeffrey,M
2281967,Diving,Judge,Malaysia,YEOH Ken Nee,M
2281971,Marathon Swimming,Referee,World Aquatics,POTVIN Sylvie,F
2281973,Water Polo,Referee,Serbia,PUTNIKOVIC Vojin,M
2281974,Diving,Judge,Korea,MIN Seoghong,M
2281976,Water Polo,Referee,United States,SPIRITOSANTO Darren Brown,M
2281977,Water Polo,Referee,Egypt,MEHALHEL Yasser Ali Said,M
2281978,Water Polo,Referee,Greece,MARKOPOULOU Natalia,F
2281979,Diving,Judge,Puerto Rico,RODRIGUEZ Angelique,F
2281980,Marathon Swimming,Referee,World Aquatics,SCHREUDERS Frits Albert,M
2281990,Diving,Judge,Netherlands,van der VOORT Ronald,M
2281996,Marathon Swimming,Referee,World Aquatics,SOH Soh Yew Siang,M
2281997,Water Polo,Referee,Croatia,RAK Mladen,M
2281998,Water Polo,Referee,Greece,STAVRIDIS Georgios,M
2288825,Football,Referee,IR Iran,SHAHRIYARI Paria,F
2292964,Basketball,Referee,FIBA,BOYER James,M
2310748,Breaking,Judge C,United States,MOY,M
2318060,Diving,Judge,Australia,BROOKER Gillian,F
2318063,Diving,Judge,Italy,CALDERARA Gianluca,M
2318067,Diving,Judge,Indonesia,ARUMBOWO Pranarta,M
2318076,Diving,Judge,France,AZORIN Daniel,M
2318080,Diving,Judge,Mexico,BANUELOS Ricardo,M
2318089,Diving,Judge,Canada,BUSH Barb,F
2318093,Diving,Judge,Germany,SCHLEPPS Holger,M
2318098,Water Polo,Referee,Spain,CABANAS Marta,F
2318102,Water Polo,Referee,Romania,ALEXANDRESCU Adrian,M
2473637,Taekwondo,Referee,Japan,SAITO Satoru,M
2473638,Taekwondo,Referee,Venezuela,RODRIGUEZ Guillermo,M
2473639,Taekwondo,Referee,Malaysia,LEE Jeng Yen,F
2473640,Taekwondo,Referee,IR Iran,BAGHERI KALMARZI Masoumeh,F
2473641,Taekwondo,Referee,Serbia,LEVAI Ksenija,F
2473642,Taekwondo,Referee,Korea,CHOI Yongbae,M
2473643,Taekwondo,Referee,Lebanon,KHORASSANDJIAN Daniel,M
2473644,Taekwondo,Referee,Republic of Moldova,RAILEANU Stefan,M
2473645,Taekwondo,Referee,Poland,SCHEFFLER Agnieszka,F
2473646,Taekwondo,Referee,Ukraine,STARKOV Andriy,M
2473647,Taekwondo,Referee,Australia,WHITE Nichola,F
2473648,Taekwondo,Referee,Brazil,REZENDE Marcelo,M
2473649,Taekwondo,Referee,Canada,JUMAN Alissa,F
2473650,Taekwondo,Referee,Panama,BOYD DIAZ Susana,F
2473651,Taekwondo,Referee,World Taekwondo,KIM Denis,M
2473652,Taekwondo,Referee,Belgium,SADEGHI Hassan,M
2475179,Taekwondo,Referee,Tunisia,DJLASSI Anouer,M
2475180,Taekwondo,Referee,Mexico,ORNELAS CABALLERO Araceli,F
2475181,Taekwondo,Referee,Croatia,MAROT Jelena,F
2475197,Taekwondo,Referee,China,ZHU Linfang,F
2476088,Water Polo,Referee,Canada,PAINCHAUD Helene,F
2480085,Wrestling,Referee,UWW,MENHEL Yauheniya,F
2480087,Wrestling,Referee,UWW,DAMIENS Serge,M
2480088,Wrestling,Referee,UWW,CAUVIN Sophie,F
2480089,Wrestling,Referee,UWW,le GLEUT Regine,F
2480090,Wrestling,Referee,UWW,VAZEILLES Pierre,M
2480091,Wrestling,Referee,UWW,GUYOT Nicolas,M
2480092,Wrestling,Referee,UWW,BRELET Esther,F
2480093,Wrestling,Referee,UWW,JOAL Cedric,M
2480094,Wrestling,Referee,UWW,FAUVEAU Marion,F
2480095,Wrestling,Referee,UWW,LAISSAOUI Iliass,M
2480096,Wrestling,Referee,UWW,LEBEE Jason,M
2480097,Wrestling,Referee,UWW,AKA Akesse Kouadio Vincent,M
2480098,Wrestling,Referee,UWW,SOMON Jordan,M
2480099,Wrestling,Referee,UWW,FERNANDEZ LOBO da COSTA Joao Vitor,M
2480121,Wrestling,Referee,UWW,BEISEMBAYEV Olzhas,M
2480151,Wrestling,Referee,UWW,SIMSEK Onur,M
2480426,Taekwondo,Referee,Jordan,ALADARBEH Ayman,M
2480430,Taekwondo,Referee,Niger,ISSA SAMSOU Ibrahim,M
2480431,Taekwondo,Referee,Italy,FORNARO Erika,F
2480432,Taekwondo,Referee,Chinese Taipei,WU Yuting,F
2480534,Taekwondo,Referee,Egypt,ELSAYED May,F
2481849,Boxing,Judge,PBU,CARTER Ingrid Dannette,F
2482372,Wrestling,Referee,Tunisia,METAHNI Dorsaf,F
2482375,Wrestling,Referee,UWW,ERSOY Orhun,M
2482551,Wrestling,Referee,Azerbaijan,SHIRALIYEV Asif,M
2482584,Taekwondo,Referee,Uzbekistan,KIM Dmitriy,M
2482611,Wrestling,Referee,Morocco,IMANI Amal,F
2483779,Artistic Swimming,Judge,World Aquatics,GUT la RAGIONE Livia,F
2483785,Wrestling,Referee,UWW,SIULZHYN Valiantsin,M
2483837,Wrestling,Referee,Egypt,ABDALLA Marwa,F
2483874,Wrestling,Referee,IR Iran,SADEGHI Nima,M
2483960,Wrestling,Referee,Iraq,ISMAEL Hadi,M
2484641,Wrestling,Referee,Kazakhstan,LIGAY Igor,M
2484901,Wrestling,Referee,Kazakhstan,ZHUMABEKOV Yerik,M
2489078,Surfing,Technical Official,Portugal,TRIGO Nuno,M
2489144,Surfing,Technical Official,Australia,ELLIOTT Glen,M
2489171,Surfing,Technical Official,Peru,MOORE Kevin,M
2490710,Judo,Referee,IJF,CAMUS Pauline,F
2490711,Judo,Referee,IJF,JAMMET Romain,M
2490712,Judo,Referee,IJF,ALESSANDRINI FANTIN Vincent,M
2490713,Judo,Referee,IJF,DUGLOUD Cedric,M
2490714,Judo,Referee,IJF,LALLE Cedric,M
2490715,Judo,Referee,IJF,DANVERS Stephanie,F
2490716,Judo,Referee,IJF,LOPES Jose,M
2490717,Judo,Referee,IJF,CHARPENTIER Julia,F
2490718,Judo,Referee,IJF,BERTHAULT Laura,F
2490719,Judo,Referee,IJF,GIRARDEY Sebastien,M
2490720,Judo,Referee,IJF,ZOUAOUI Akila,F
2490721,Judo,Referee,IJF,LAJEUNCOMME David,M
2490722,Judo,Referee,IJF,FAUROUX Eric,F
2490723,Judo,Referee,IJF,CARON Pascal,M
2490724,Judo,Referee,IJF,SABLIER Laurence,F
2490725,Judo,Referee,IJF,BRETAUDEAU Jerome,M
2490726,Judo,Referee,IJF,DROISSART Jerome,M
2490727,Judo,Referee,IJF,LAPLANCHE Emilie,F
2490728,Judo,Referee,IJF,PHAM Huu Hanh,M
2490729,Judo,Referee,IJF,GORGETTE Julien,M
2490851,Trampoline Gymnastics,Judge,France,le GALLO Maxime,M
2490853,Trampoline Gymnastics,Judge,France,LAVERGNE Lilian,M
2490854,Trampoline Gymnastics,Judge,France,CLOUD Cyril,M
2490855,Trampoline Gymnastics,Judge,France,HEBANT Valerie,F
2490856,Trampoline Gymnastics,Judge,France,BOURGIT Carole,F
2490861,Artistic Gymnastics,Judge,France,DESPORTE Laurent,M
2490864,Artistic Gymnastics,Judge,FIG,de CARVALHO Sarah,F
2490876,Artistic Gymnastics,Judge,FIG,BUYS Mickael,M
2490881,Artistic Gymnastics,Judge,France,GAGNIERE Thomas,M
2490887,Artistic Gymnastics,Judge,FIG,MEREL Erwan,M
2490891,Rhythmic Gymnastics,Judge,France,de COSSIO Isabelle,F
2490892,Rhythmic Gymnastics,Judge,France,ANDRIESSE Anne-Sophie,F
2490893,Rhythmic Gymnastics,Judge,France,GARBIN Amandine,F
2490894,Rhythmic Gymnastics,Judge,FIG,DROUARD Benedite,F
2490895,Rhythmic Gymnastics,Judge,FIG,BAREL Anne Valerie,F
2490896,Rhythmic Gymnastics,Judge,France,LAUTH Dominique,F
2490897,Rhythmic Gymnastics,Judge,France,LICHTLE Agnes,F
2490898,Rhythmic Gymnastics,Judge,France,MARTEL Camille,F
2490899,Rhythmic Gymnastics,Judge,France,ROBIN Stephanie,F
2490900,Rhythmic Gymnastics,Judge,France,ROUSSOT Maud,F
2490901,Rhythmic Gymnastics,Judge,France,SALINIER Camille,F
2490916,Cycling BMX Freestyle,Judge,UCI,VERBOOM Jef,M
2490918,Cycling BMX Freestyle,Judge,UCI,ROLHION Olivier,M
2490919,Cycling BMX Freestyle,Judge,UCI,ADRIX Remi,M
2491197,Taekwondo,Referee,World Taekwondo,KANTE Dramane,M
2491198,Taekwondo,Referee,World Taekwondo,EMMANUEL EMILE Harry,M
2491199,Taekwondo,Referee,World Taekwondo,LEPERT Marie,F
2491200,Taekwondo,Referee,World Taekwondo,LARABI Rafika,F
2491201,Taekwondo,Referee,World Taekwondo,AMMI Fatima,F
2491203,Taekwondo,Referee,World Taekwondo,MORENO Jean Anthony,M
2491204,Taekwondo,Referee,World Taekwondo,MIYAHOUENOU Joel,M
2491205,Taekwondo,Referee,World Taekwondo,DUVERNOIS Jacques,M
2491206,Taekwondo,Referee,World Taekwondo,BAYLOU Maud Francoise,F
2491207,Taekwondo,Referee,World Taekwondo,SEMBONA Serge,M
2491209,Taekwondo,Referee,World Taekwondo,THABET Sinaa,F
2491271,Basketball,Referee,FIBA,DOHOLLOU Loisa,F
2491272,Basketball,Referee,FIBA,ABID Valentin,M
2491273,Basketball,Referee,FIBA,BAERMANN Laetitia,F
2491274,Basketball,Referee,FIBA,BAILLY Laurence,F
2491275,Basketball,Referee,FIBA,BAUMARD Benjamin,M
2491276,Basketball,Referee,FIBA,BERNHARD Denis,M
2491277,Basketball,Referee,FIBA,BOOS Christelle,F
2491278,Basketball,Referee,FIBA,CASAL SOMOZA Emilia,F
2491279,Basketball,Referee,FIBA,CHERASSE Laurent,M
2491280,Basketball,Referee,FIBA,DELARUE Gregoire,M
2491281,Basketball,Referee,FIBA,DENISE Frederic,M
2491282,Basketball,Referee,FIBA,DESMIS David,M
2491283,Basketball,Referee,FIBA,DUBOIS Coralie,F
2491284,Basketball,Referee,FIBA,DUPREY David,M
2491285,Basketball,Referee,FIBA,DUTOYA Benedicte,F
2491286,Basketball,Referee,FIBA,ETIENNE Audrey,F
2491287,Basketball,Referee,FIBA,FRITZ Michele,F
2491288,Basketball,Referee,FIBA,GAUDIN Sophie,F
2491289,Basketball,Referee,FIBA,HENRIOT Gwennaelle,F
2491290,Basketball,Referee,FIBA,HERON Stephane,M
2491291,Basketball,Referee,FIBA,HUARD Francois,M
2491292,Basketball,Referee,FIBA,KOPP Audrey,F
2491293,Basketball,Referee,FIBA,LABORDE Marie Pierre,F
2491294,Basketball,Referee,FIBA,LAMARQUE Vincent,M
2491295,Basketball,Referee,FIBA,LAURANCY Cedric,M
2491296,Basketball,Referee,FIBA,LUSSON Stephane,M
2491297,Basketball,Referee,FIBA,MARTIN Hugo,M
2491298,Basketball,Referee,FIBA,MATTON Jean Pierre,M
2491299,Basketball,Referee,FIBA,MORENTE Jean Marc,M
2491300,Basketball,Referee,FIBA,POIRIER Emmanuelle,F
2491301,Basketball,Referee,FIBA,POURTAU Charlotte,F
2491302,Basketball,Referee,FIBA,ROCHE Fabrice,M
2491303,Basketball,Referee,FIBA,SARAMITO Isabelle,F
2491304,Basketball,Referee,FIBA,SAVIO Jose,M
2491305,Basketball,Referee,FIBA,SOUSSIA Benjamin,M
2491306,Basketball,Referee,FIBA,TANGUY Laura,F
2491307,Basketball,Referee,FIBA,USCLADE Virginie,F
2491308,Basketball,Referee,FIBA,VANCOILLIE Cedric,M
2491309,Basketball,Referee,FIBA,VERON Thierry,M
2491310,Basketball,Referee,FIBA,VIOLLEAU Anne Sophie,F
2491529,Surfing,Technical Official,United States,SHIPLEY David,M
2492445,Hockey,Umpire,Australia,NEWMAN Zeke,M
2495111,Wrestling,Referee,Uzbekistan,KHIDOYATOV Eshpulat,M
2498247,Sailing,Jury Member,Great Britain,BURNETT Sally,F
2499018,Sailing,Jury Member,Italy,DAVANZO Giorgio,M
2499102,Surfing,Technical Official,United States,REYNOLDS Alexander,M
2499115,Surfing,Technical Official,United States,WALLIS Kevin,M
2500371,Surfing,Technical Official,France,KLIMA Philippe,M
2500375,Surfing,Technical Official,Chile,LLAMBIAS OTTONE Ixa,F
2501428,Rugby Sevens,Referee,World Rugby,BROQUA Jean,M
2501429,Rugby Sevens,Referee,World Rugby,JOLICARD Solene,F
2501430,Rugby Sevens,Referee,World Rugby,ARNALDI Marie Christine,F
2501432,Rugby Sevens,Referee,World Rugby,BRU Pierre,M
2501433,Rugby Sevens,Referee,World Rugby,LOURENCO Tristan,M
2501434,Rugby Sevens,Referee,World Rugby,URRUZMENDI Evan,M
2501435,Rugby Sevens,Referee,World Rugby,ACHARD Florence,F
2501436,Rugby Sevens,Referee,World Rugby,TREHARD Julien,M
2501437,Rugby Sevens,Referee,World Rugby,PUECH Lucile,F
2501438,Rugby Sevens,Referee,World Rugby,LEBOEUF Melissa,F
2501439,Rugby Sevens,Referee,World Rugby,LEBEGUE Martin,F
2501440,Rugby Sevens,Referee,World Rugby,FERRE Alexandra,F
2501441,Rugby Sevens,Referee,World Rugby,BARROMES Fabien,M
2501442,Rugby Sevens,Referee,World Rugby,BYNG Stephen,M
2501443,Rugby Sevens,Referee,World Rugby,MONTOCCHIO Agathe,F
2501444,Rugby Sevens,Referee,World Rugby,FONDRAT Guillaume,M
2501445,Rugby Sevens,Referee,World Rugby,LABORDE Cedric,M
2501446,Rugby Sevens,Referee,World Rugby,VIDAL Pauline,F
2501447,Rugby Sevens,Referee,World Rugby,HUESCA Sophie,F
2627678,Surfing,Technical Official,United States,WEI Benjamin,M
2697110,Surfing,Technical Official,United States,KORTE Kurt,M
2780660,Wrestling,Referee,Denmark,ATAY Zeynel Lutfu,M
2786885,Surfing,Technical Official,Ireland,LOWENTHAL Dillan,M
2796245,Diving,Judge,World Aquatics,BOUSSARD Michel,M
2796266,Artistic Swimming,Judge,World Aquatics,LEFRANC Florence,F
2796268,Diving,Judge,World Aquatics,CAOUS Daniel,M
2796280,Artistic Swimming,Judge,World Aquatics,BILLIET Marie Pascale,F
2796283,Diving,Judge,World Aquatics,SUZANNE Benoit,M
2796285,Diving,Judge,World Aquatics,GARCIA RODRIGO Ivan,M
2796294,Diving,Judge,World Aquatics,CANO Tanguy,M
2796298,Diving,Judge,World Aquatics,de la LLAVE Teddy,M
2796300,Artistic Swimming,Judge,World Aquatics,DOIMO Sandra,F
2796302,Artistic Swimming,Judge,World Aquatics,CUPILLARD Dominique,F
2796306,Diving,Judge,World Aquatics,CLEMENCON Michele,F
2796328,Diving,Judge,World Aquatics,PORCU Noel,M
2796330,Artistic Swimming,Judge,World Aquatics,NEUVILLE Sylvie,F
2844406,Handball,Referee,Spain,MULLER-THYSSEN Maria,M
2844513,Handball,Referee,Norway,JORUM Lars,M
2844649,Handball,Referee,Switzerland,SALAH Morad,M
2844759,Handball,Referee,Sweden,KURTAGIC Mirza,M
2871936,Boxing,Judge,PBU,BADJI Riadh,M
2871948,Boxing,Judge,PBU,KAZAKOV Dilshod,M
2871958,Boxing,Judge,PBU,MENCHAOUI Hichem,M
2871969,Boxing,Judge,PBU,TSERENKHAND Tsogtgerel,F
2871999,Boxing,Judge,PBU,BEKPENBETOV Bakytzhan,M
2872012,Boxing,Referee,Philippines,ABALOS Maximo,M
2872023,Boxing,Referee,Morocco,SOUILMI Mouhsine,M
2872035,Boxing,Referee,IR Iran,BORDBAR HAGHIGHI SABET Babak,M
2872046,Boxing,Referee,Algeria,MOKRETARI Sid Ali,M
2872050,Boxing,Referee,Mongolia,BYAMBABAYAR Atarbayar,M
2872377,Boxing,Judge,PBU,ADEOTI Mosunmola,F
2872584,Boxing,Judge,PBU,ILDEBAYEVA Ainur,F
2872818,Boxing,Referee,IR Iran,SADEGH POOR Farzad,M
2873696,Boxing,Judge,PBU,SRICHAISAWAT Paiboon,M
2873804,Boxing,Judge,PBU,IGUBAYEV Aslan,M
2873953,Boxing,Judge,PBU,AMMOURA Nacera,F
2875808,Boxing,Judge,PBU,NASIROVA Leyla Arif Qizi,F
2876696,Boxing,Judge,PBU,SVYATOCHA Boris,M
2973407,Artistic Gymnastics,Judge,FIG,VALENZUELA GOMEZ Cesar Fernando,M
2973413,Artistic Gymnastics,Judge,FIG,PALAMARA Ioulia,F
2973422,Rhythmic Gymnastics,Judge,United States,HUNT Caroline,F
3002003,Beach Volleyball,Referee,South Africa,BAKE Giovanni,M
3047340,Handball,Referee,Montenegro,PAVICEVIC Ivan,M
3047342,Handball,Referee,Algeria,BELKHIRI Youcef,M
3047343,Handball,Referee,Algeria,HAMIDI Sidali,M
3047344,Handball,Referee,Argentina,PAOLANTONI Maria Ines,F
3047345,Handball,Referee,Argentina,GARCIA Mariana,F
3047346,Handball,Referee,Bosnia & Herzegovina,KONJICANIN Dino,M
3047347,Handball,Referee,Bosnia & Herzegovina,KONJICANIN Amar,M
3047348,Handball,Referee,Czechia,HORACEK Vaclav,M
3047349,Handball,Referee,Czechia,NOVOTNY Jiri,M
3047350,Handball,Referee,Denmark,HANSEN Mads,M
3047351,Handball,Referee,Denmark,MADSEN Jesper,M
3047352,Handball,Referee,Spain,MARIN LORENTE Andreu,M
3047353,Handball,Referee,Spain,GARCIA Ignacio,M
3047354,Handball,Referee,France,BONAVENTURA Julie,F
3047355,Handball,Referee,France,BONAVENTURA Charlotte,F
3047356,Handball,Referee,Germany,SCHULZE Robert,M
3047357,Handball,Referee,Germany,TOENNIES Tobias,M
3047358,Handball,Referee,Germany,MERZ Maike,F
3047359,Handball,Referee,Germany,KUTTLER Tanja,F
3047360,Handball,Referee,Hungary,BIRO Adam,M
3047361,Handball,Referee,Hungary,KISS Oliver,M
3047362,Handball,Referee,North Macedonia,NACHEVSKI Gjorgji,M
3047363,Handball,Referee,North Macedonia,NIKOLOV Slave,M
3047364,Handball,Referee,Montenegro,RAZNATOVIC Milos,M
3047365,Handball,Referee,Norway,KLEVEN Havard,M
3047366,Handball,Referee,Slovenia,LAH Bojan,M
3047367,Handball,Referee,Slovenia,SOK David,M
3047368,Handball,Referee,Switzerland,BRUNNER Arthur,M
3047369,Handball,Referee,Sweden,WETTERWIK Mattias,M
3052943,Beach Volleyball,Line Judge,FIVB,BRUDEY Jean Francois,M
3060392,3x3 Basketball,Referee,Slovenia,BAS Andrej,M
3060402,3x3 Basketball,Referee,Slovenia,TRONTELJ Gorazd,M
3060403,3x3 Basketball,Referee,Japan,SHIMOYAMA Waka,F
3060404,3x3 Basketball,Referee,Japan,YAGI Aki,F
3060405,3x3 Basketball,Referee,Japan,MATSUMOTO Tsunemi,F
3060406,3x3 Basketball,Referee,Hungary,HEGEDUSNE STION Eva,F
3060407,3x3 Basketball,Referee,Slovenia,BOZJAK Ziga,M
3060408,3x3 Basketball,Referee,Slovenia,SANKOVIC Andraz,M
3060409,3x3 Basketball,Referee,Slovenia,GOGALA Eva,F
3060410,3x3 Basketball,Referee,Hungary,FULOP Adam,M
3060411,3x3 Basketball,Referee,Slovenia,JUG Ana,F
3060412,3x3 Basketball,Referee,Hungary,KECSKEMETI Elizabeth,F
3062446,Surfing,Technical Official,United States,MANNO Timothy,M
3518627,Boxing,Judge,PBU,PICSON Maria Karina,F
3521177,Football,Referee,Great Britain,OOMMEN George,M
4193219,Breaking,Judge F,China,KOWLOON,M
4652045,Wrestling,Referee,France,REY David,M
4654128,Boxing,Judge,PBU,BARTHE SADRAN Marie,F
4654138,Boxing,Referee,Germany,KUSSMAUL Holger,M
4968543,Artistic Gymnastics,Judge,FIG,CAMPANILE Nicolas,M
